uuid,ipv4,port,accuracy,loss,round,timestamp,session_uuid
000e2375-c107-4e17-abfb-64ba285e4a3d,localhost,7294,0.9036111235618591,0.3160697817802429,1,2023-05-21 18:33:56.775002,4b03c3ea-055c-49a2-aebb-a48c18ed81b7
000e2375-c107-4e17-abfb-64ba285e4a3d,localhost,7294,0.9213333129882812,0.2646765410900116,2,2023-05-21 18:33:59.669017,4b03c3ea-055c-49a2-aebb-a48c18ed81b7
000e2375-c107-4e17-abfb-64ba285e4a3d,localhost,7294,0.9399999976158142,0.2083742469549179,3,2023-05-21 18:34:06.675010,4b03c3ea-055c-49a2-aebb-a48c18ed81b7
000e2375-c107-4e17-abfb-64ba285e4a3d,localhost,7294,0.9486666917800903,0.1793675273656845,4,2023-05-21 18:34:14.131769,4b03c3ea-055c-49a2-aebb-a48c18ed81b7
000e2375-c107-4e17-abfb-64ba285e4a3d,localhost,7294,0.9573333263397217,0.1473064422607422,5,2023-05-21 18:34:19.222761,4b03c3ea-055c-49a2-aebb-a48c18ed81b7
000e2375-c107-4e17-abfb-64ba285e4a3d,localhost,7294,0.9649999737739563,0.11297277361154556,7,2023-05-21 18:34:26.998762,4b03c3ea-055c-49a2-aebb-a48c18ed81b7
000e2375-c107-4e17-abfb-64ba285e4a3d,localhost,7294,0.9736666679382324,0.1045188307762146,9,2023-05-21 18:34:35.119773,4b03c3ea-055c-49a2-aebb-a48c18ed81b7
8688aea2-cf20-448a-9b73-0ec99ade3e18,localhost,3768,0.7823333144187927,0.6586851477622986,0,2023-05-21 18:38:08.609923,eb2c3154-842f-4efb-a26d-c65993b246c2
8688aea2-cf20-448a-9b73-0ec99ade3e18,localhost,3768,0.8996666669845581,0.32670795917510986,1,2023-05-21 18:38:12.085926,eb2c3154-842f-4efb-a26d-c65993b246c2
8688aea2-cf20-448a-9b73-0ec99ade3e18,localhost,3768,0.9213333129882812,0.271077960729599,2,2023-05-21 18:38:17.245927,eb2c3154-842f-4efb-a26d-c65993b246c2
8688aea2-cf20-448a-9b73-0ec99ade3e18,localhost,3768,0.9390000104904175,0.191569522023201,4,2023-05-21 18:38:25.918914,eb2c3154-842f-4efb-a26d-c65993b246c2
8688aea2-cf20-448a-9b73-0ec99ade3e18,localhost,3768,0.9586666822433472,0.1433851718902588,5,2023-05-21 18:38:30.508927,eb2c3154-842f-4efb-a26d-c65993b246c2
8688aea2-cf20-448a-9b73-0ec99ade3e18,localhost,3768,0.9538888931274414,0.1483452469110489,6,2023-05-21 18:38:36.327916,eb2c3154-842f-4efb-a26d-c65993b246c2
8688aea2-cf20-448a-9b73-0ec99ade3e18,localhost,3768,0.9606666564941406,0.12650135159492493,7,2023-05-21 18:38:40.777911,eb2c3154-842f-4efb-a26d-c65993b246c2
8688aea2-cf20-448a-9b73-0ec99ade3e18,localhost,3768,0.9653333425521851,0.1171334907412529,8,2023-05-21 18:38:45.628923,eb2c3154-842f-4efb-a26d-c65993b246c2
8688aea2-cf20-448a-9b73-0ec99ade3e18,localhost,3768,0.968666672706604,0.10674431174993515,9,2023-05-21 18:38:50.858925,eb2c3154-842f-4efb-a26d-c65993b246c2
1f7e9da9-3d5c-422c-96cc-a8acc454b312,localhost,4205,0.7889999747276306,0.6567850708961487,0,2023-05-21 19:09:10.275999,000d635f-2206-4ab3-99b2-bd49a3c75fad
501a631d-70b5-4711-ac43-af5e08f4fac2,localhost,2541,0.7763333320617676,0.6604030728340149,0,2023-05-21 19:09:10.326002,000d635f-2206-4ab3-99b2-bd49a3c75fad
cf890c34-4a36-4df1-b1cc-92f83db335d3,localhost,2072,0.7940000295639038,0.629047155380249,0,2023-05-21 19:09:10.453014,000d635f-2206-4ab3-99b2-bd49a3c75fad
dfad836d-9fbe-4294-a63d-039f0b1c95c1,localhost,8497,0.7829999923706055,0.6650110483169556,0,2023-05-21 19:09:11.008020,000d635f-2206-4ab3-99b2-bd49a3c75fad
c3cb635e-e32a-43d9-9dc2-058a8b939e3d,localhost,5497,0.7960000038146973,0.6564366221427917,0,2023-05-21 19:09:11.426016,000d635f-2206-4ab3-99b2-bd49a3c75fad
85066c9d-0d65-4e31-92b4-2bf8b617ba6a,localhost,7117,0.7826666831970215,0.6875236630439758,0,2023-05-21 19:09:11.926999,000d635f-2206-4ab3-99b2-bd49a3c75fad
57434da2-6d56-459e-8621-90b950564a43,localhost,3353,0.7823333144187927,0.6910191774368286,0,2023-05-21 19:09:12.175019,000d635f-2206-4ab3-99b2-bd49a3c75fad
6932c7be-25b6-4811-aad3-3f03c4bcb17e,localhost,5910,0.7883333563804626,0.6715226769447327,0,2023-05-21 19:09:12.269991,000d635f-2206-4ab3-99b2-bd49a3c75fad
57434da2-6d56-459e-8621-90b950564a43,localhost,3353,0.8930000066757202,0.3279852867126465,1,2023-05-21 19:09:15.731004,000d635f-2206-4ab3-99b2-bd49a3c75fad
cf890c34-4a36-4df1-b1cc-92f83db335d3,localhost,2072,0.8866666555404663,0.3471564054489136,1,2023-05-21 19:09:15.782004,000d635f-2206-4ab3-99b2-bd49a3c75fad
dfad836d-9fbe-4294-a63d-039f0b1c95c1,localhost,8497,0.9043333530426025,0.31291401386260986,1,2023-05-21 19:09:15.985010,000d635f-2206-4ab3-99b2-bd49a3c75fad
1f7e9da9-3d5c-422c-96cc-a8acc454b312,localhost,4205,0.9073333144187927,0.30711060762405396,1,2023-05-21 19:09:15.993011,000d635f-2206-4ab3-99b2-bd49a3c75fad
85066c9d-0d65-4e31-92b4-2bf8b617ba6a,localhost,7117,0.906333327293396,0.3047340214252472,1,2023-05-21 19:09:16.302000,000d635f-2206-4ab3-99b2-bd49a3c75fad
d32d0bc2-94f5-42b7-aec2-583b9a3a3c08,localhost,6538,0.8980000019073486,0.3262665569782257,1,2023-05-21 19:09:17.821002,000d635f-2206-4ab3-99b2-bd49a3c75fad
f9411276-cd09-4be3-996b-945b9b8dc85e,localhost,9059,0.9083333611488342,0.3194521963596344,1,2023-05-21 19:09:17.873992,000d635f-2206-4ab3-99b2-bd49a3c75fad
85066c9d-0d65-4e31-92b4-2bf8b617ba6a,localhost,7117,0.9193333387374878,0.2775913178920746,2,2023-05-21 19:09:21.504027,000d635f-2206-4ab3-99b2-bd49a3c75fad
1f7e9da9-3d5c-422c-96cc-a8acc454b312,localhost,4205,0.9210000038146973,0.2599908411502838,2,2023-05-21 19:09:21.645004,000d635f-2206-4ab3-99b2-bd49a3c75fad
6932c7be-25b6-4811-aad3-3f03c4bcb17e,localhost,5910,0.925000011920929,0.24732165038585663,2,2023-05-21 19:09:21.783008,000d635f-2206-4ab3-99b2-bd49a3c75fad
501a631d-70b5-4711-ac43-af5e08f4fac2,localhost,2541,0.9163333177566528,0.2875954806804657,2,2023-05-21 19:09:22.037011,000d635f-2206-4ab3-99b2-bd49a3c75fad
c3cb635e-e32a-43d9-9dc2-058a8b939e3d,localhost,5497,0.9213333129882812,0.25111645460128784,2,2023-05-21 19:09:22.530046,000d635f-2206-4ab3-99b2-bd49a3c75fad
57434da2-6d56-459e-8621-90b950564a43,localhost,3353,0.9273333549499512,0.24380937218666077,2,2023-05-21 19:09:23.143011,000d635f-2206-4ab3-99b2-bd49a3c75fad
dfad836d-9fbe-4294-a63d-039f0b1c95c1,localhost,8497,0.9283333420753479,0.24738076329231262,2,2023-05-21 19:09:23.396010,000d635f-2206-4ab3-99b2-bd49a3c75fad
d32d0bc2-94f5-42b7-aec2-583b9a3a3c08,localhost,6538,0.9233333468437195,0.26999345421791077,2,2023-05-21 19:09:23.706997,000d635f-2206-4ab3-99b2-bd49a3c75fad
cf890c34-4a36-4df1-b1cc-92f83db335d3,localhost,2072,0.9246666431427002,0.26762107014656067,2,2023-05-21 19:09:23.818997,000d635f-2206-4ab3-99b2-bd49a3c75fad
dfad836d-9fbe-4294-a63d-039f0b1c95c1,localhost,8497,0.9266666769981384,0.24085986614227295,3,2023-05-21 19:09:28.106047,000d635f-2206-4ab3-99b2-bd49a3c75fad
c3cb635e-e32a-43d9-9dc2-058a8b939e3d,localhost,5497,0.9316666722297668,0.22099241614341736,3,2023-05-21 19:09:28.198021,000d635f-2206-4ab3-99b2-bd49a3c75fad
501a631d-70b5-4711-ac43-af5e08f4fac2,localhost,2541,0.9330000281333923,0.22813063859939575,3,2023-05-21 19:09:28.469009,000d635f-2206-4ab3-99b2-bd49a3c75fad
f9411276-cd09-4be3-996b-945b9b8dc85e,localhost,9059,0.9383333325386047,0.2174774557352066,3,2023-05-21 19:09:28.592032,000d635f-2206-4ab3-99b2-bd49a3c75fad
57434da2-6d56-459e-8621-90b950564a43,localhost,3353,0.9386666417121887,0.20283719897270203,3,2023-05-21 19:09:28.618008,000d635f-2206-4ab3-99b2-bd49a3c75fad
6932c7be-25b6-4811-aad3-3f03c4bcb17e,localhost,5910,0.9293333292007446,0.2167261391878128,3,2023-05-21 19:09:29.254008,000d635f-2206-4ab3-99b2-bd49a3c75fad
cf890c34-4a36-4df1-b1cc-92f83db335d3,localhost,2072,0.9340000152587891,0.2271091490983963,3,2023-05-21 19:09:29.281005,000d635f-2206-4ab3-99b2-bd49a3c75fad
1f7e9da9-3d5c-422c-96cc-a8acc454b312,localhost,4205,0.9319999814033508,0.21050205826759338,3,2023-05-21 19:09:29.736000,000d635f-2206-4ab3-99b2-bd49a3c75fad
85066c9d-0d65-4e31-92b4-2bf8b617ba6a,localhost,7117,0.9386666417121887,0.20714546740055084,3,2023-05-21 19:09:30.057994,000d635f-2206-4ab3-99b2-bd49a3c75fad
d32d0bc2-94f5-42b7-aec2-583b9a3a3c08,localhost,6538,0.9359999895095825,0.2100648730993271,3,2023-05-21 19:09:31.184743,000d635f-2206-4ab3-99b2-bd49a3c75fad
cf890c34-4a36-4df1-b1cc-92f83db335d3,localhost,2072,0.9356666803359985,0.2141103446483612,4,2023-05-21 19:09:34.350749,000d635f-2206-4ab3-99b2-bd49a3c75fad
501a631d-70b5-4711-ac43-af5e08f4fac2,localhost,2541,0.9402777552604675,0.18738172948360443,4,2023-05-21 19:09:34.666761,000d635f-2206-4ab3-99b2-bd49a3c75fad
c3cb635e-e32a-43d9-9dc2-058a8b939e3d,localhost,5497,0.9490000009536743,0.1667793095111847,4,2023-05-21 19:09:34.704776,000d635f-2206-4ab3-99b2-bd49a3c75fad
6932c7be-25b6-4811-aad3-3f03c4bcb17e,localhost,5910,0.9411110877990723,0.17514601349830627,4,2023-05-21 19:09:34.798751,000d635f-2206-4ab3-99b2-bd49a3c75fad
1f7e9da9-3d5c-422c-96cc-a8acc454b312,localhost,4205,0.948888897895813,0.16796372830867767,4,2023-05-21 19:09:35.146744,000d635f-2206-4ab3-99b2-bd49a3c75fad
1f7e9da9-3d5c-422c-96cc-a8acc454b312,localhost,4205,0.9549999833106995,0.16168518364429474,5,2023-05-21 19:09:38.737754,000d635f-2206-4ab3-99b2-bd49a3c75fad
cf890c34-4a36-4df1-b1cc-92f83db335d3,localhost,2072,0.9538888931274414,0.15500742197036743,5,2023-05-21 19:09:38.846749,000d635f-2206-4ab3-99b2-bd49a3c75fad
501a631d-70b5-4711-ac43-af5e08f4fac2,localhost,2541,0.961388885974884,0.13537129759788513,5,2023-05-21 19:09:38.960748,000d635f-2206-4ab3-99b2-bd49a3c75fad
dfad836d-9fbe-4294-a63d-039f0b1c95c1,localhost,8497,0.9480000138282776,0.1799406111240387,5,2023-05-21 19:09:39.141753,000d635f-2206-4ab3-99b2-bd49a3c75fad
dfad836d-9fbe-4294-a63d-039f0b1c95c1,localhost,8497,0.9583333134651184,0.1394922137260437,6,2023-05-21 19:09:43.036768,000d635f-2206-4ab3-99b2-bd49a3c75fad
1f7e9da9-3d5c-422c-96cc-a8acc454b312,localhost,4205,0.9556666612625122,0.15575063228607178,6,2023-05-21 19:09:43.233764,000d635f-2206-4ab3-99b2-bd49a3c75fad
cf890c34-4a36-4df1-b1cc-92f83db335d3,localhost,2072,0.956333339214325,0.14053629338741302,6,2023-05-21 19:09:43.234754,000d635f-2206-4ab3-99b2-bd49a3c75fad
85066c9d-0d65-4e31-92b4-2bf8b617ba6a,localhost,7117,0.9606666564941406,0.1366979032754898,6,2023-05-21 19:09:43.356760,000d635f-2206-4ab3-99b2-bd49a3c75fad
501a631d-70b5-4711-ac43-af5e08f4fac2,localhost,2541,0.9586666822433472,0.15266840159893036,6,2023-05-21 19:09:43.590757,000d635f-2206-4ab3-99b2-bd49a3c75fad
c3cb635e-e32a-43d9-9dc2-058a8b939e3d,localhost,5497,0.9599999785423279,0.14455847442150116,6,2023-05-21 19:09:43.984753,000d635f-2206-4ab3-99b2-bd49a3c75fad
57434da2-6d56-459e-8621-90b950564a43,localhost,3353,0.9523333311080933,0.15763193368911743,6,2023-05-21 19:09:44.502757,000d635f-2206-4ab3-99b2-bd49a3c75fad
d32d0bc2-94f5-42b7-aec2-583b9a3a3c08,localhost,6538,0.9629999995231628,0.12563350796699524,6,2023-05-21 19:09:44.610747,000d635f-2206-4ab3-99b2-bd49a3c75fad
f9411276-cd09-4be3-996b-945b9b8dc85e,localhost,9059,0.9570000171661377,0.1500755399465561,6,2023-05-21 19:09:44.721740,000d635f-2206-4ab3-99b2-bd49a3c75fad
c3cb635e-e32a-43d9-9dc2-058a8b939e3d,localhost,5497,0.9599999785423279,0.1342276781797409,7,2023-05-21 19:09:48.418757,000d635f-2206-4ab3-99b2-bd49a3c75fad
cf890c34-4a36-4df1-b1cc-92f83db335d3,localhost,2072,0.9636666774749756,0.11473926901817322,7,2023-05-21 19:09:48.506742,000d635f-2206-4ab3-99b2-bd49a3c75fad
f9411276-cd09-4be3-996b-945b9b8dc85e,localhost,9059,0.9649999737739563,0.12371130287647247,7,2023-05-21 19:09:48.755750,000d635f-2206-4ab3-99b2-bd49a3c75fad
1f7e9da9-3d5c-422c-96cc-a8acc454b312,localhost,4205,0.9683333039283752,0.10929758846759796,7,2023-05-21 19:09:48.829745,000d635f-2206-4ab3-99b2-bd49a3c75fad
dfad836d-9fbe-4294-a63d-039f0b1c95c1,localhost,8497,0.9613333344459534,0.12686246633529663,7,2023-05-21 19:09:48.893743,000d635f-2206-4ab3-99b2-bd49a3c75fad
501a631d-70b5-4711-ac43-af5e08f4fac2,localhost,2541,0.9549999833106995,0.14618130028247833,7,2023-05-21 19:09:49.214743,000d635f-2206-4ab3-99b2-bd49a3c75fad
6932c7be-25b6-4811-aad3-3f03c4bcb17e,localhost,5910,0.9596666693687439,0.12822672724723816,7,2023-05-21 19:09:49.731733,000d635f-2206-4ab3-99b2-bd49a3c75fad
501a631d-70b5-4711-ac43-af5e08f4fac2,localhost,2541,0.9660000205039978,0.11719309538602829,8,2023-05-21 19:09:52.796745,000d635f-2206-4ab3-99b2-bd49a3c75fad
c3cb635e-e32a-43d9-9dc2-058a8b939e3d,localhost,5497,0.968999981880188,0.10339804738759995,8,2023-05-21 19:09:52.964756,000d635f-2206-4ab3-99b2-bd49a3c75fad
57434da2-6d56-459e-8621-90b950564a43,localhost,3353,0.9683333039283752,0.10508769005537033,8,2023-05-21 19:09:53.461747,000d635f-2206-4ab3-99b2-bd49a3c75fad
cf890c34-4a36-4df1-b1cc-92f83db335d3,localhost,2072,0.9636666774749756,0.12789170444011688,8,2023-05-21 19:09:53.777751,000d635f-2206-4ab3-99b2-bd49a3c75fad
85066c9d-0d65-4e31-92b4-2bf8b617ba6a,localhost,7117,0.9636666774749756,0.12090767174959183,8,2023-05-21 19:09:53.798753,000d635f-2206-4ab3-99b2-bd49a3c75fad
1f7e9da9-3d5c-422c-96cc-a8acc454b312,localhost,4205,0.9639999866485596,0.12051509320735931,8,2023-05-21 19:09:53.908750,000d635f-2206-4ab3-99b2-bd49a3c75fad
dfad836d-9fbe-4294-a63d-039f0b1c95c1,localhost,8497,0.9623333215713501,0.11843758076429367,8,2023-05-21 19:09:54.468740,000d635f-2206-4ab3-99b2-bd49a3c75fad
d32d0bc2-94f5-42b7-aec2-583b9a3a3c08,localhost,6538,0.968666672706604,0.10662224143743515,8,2023-05-21 19:09:54.722738,000d635f-2206-4ab3-99b2-bd49a3c75fad
c3cb635e-e32a-43d9-9dc2-058a8b939e3d,localhost,5497,0.9653333425521851,0.11110007762908936,9,2023-05-21 19:09:58.139757,000d635f-2206-4ab3-99b2-bd49a3c75fad
501a631d-70b5-4711-ac43-af5e08f4fac2,localhost,2541,0.968999981880188,0.09436926990747452,9,2023-05-21 19:09:58.265750,000d635f-2206-4ab3-99b2-bd49a3c75fad
1f7e9da9-3d5c-422c-96cc-a8acc454b312,localhost,4205,0.9693333506584167,0.10209927707910538,9,2023-05-21 19:09:58.303750,000d635f-2206-4ab3-99b2-bd49a3c75fad
57434da2-6d56-459e-8621-90b950564a43,localhost,3353,0.9616666436195374,0.12409280240535736,9,2023-05-21 19:09:58.661759,000d635f-2206-4ab3-99b2-bd49a3c75fad
dfad836d-9fbe-4294-a63d-039f0b1c95c1,localhost,8497,0.968666672706604,0.1075918897986412,9,2023-05-21 19:09:58.677749,000d635f-2206-4ab3-99b2-bd49a3c75fad
cf890c34-4a36-4df1-b1cc-92f83db335d3,localhost,2072,0.9683333039283752,0.10159357637166977,9,2023-05-21 19:09:59.224754,000d635f-2206-4ab3-99b2-bd49a3c75fad
d32d0bc2-94f5-42b7-aec2-583b9a3a3c08,localhost,6538,0.968666672706604,0.10142698884010315,9,2023-05-21 19:09:59.606739,000d635f-2206-4ab3-99b2-bd49a3c75fad
85066c9d-0d65-4e31-92b4-2bf8b617ba6a,localhost,7117,0.9700000286102295,0.10535641759634018,9,2023-05-21 19:09:59.756741,000d635f-2206-4ab3-99b2-bd49a3c75fad
be02866d-88ee-4920-9d43-1b708ec70bcb,localhost,8652,0.7883333563804626,0.6679544448852539,0,2023-05-21 19:51:36.092052,f7ba8079-9c60-4f21-ab92-f4715fa4c1e9
a8871a3b-c15d-482a-b96e-792a22b07e73,localhost,8505,0.7916666865348816,0.6515070199966431,0,2023-05-21 19:51:36.111052,f7ba8079-9c60-4f21-ab92-f4715fa4c1e9
ae600f54-402c-4def-84ca-c1d859dd012e,localhost,8311,0.7803333401679993,0.6880871653556824,0,2023-05-21 19:51:36.123070,f7ba8079-9c60-4f21-ab92-f4715fa4c1e9
f2fb9405-4df3-4e16-bcbd-625d22e6b5c7,localhost,4788,0.7826666831970215,0.6747553944587708,0,2023-05-21 19:51:36.226055,f7ba8079-9c60-4f21-ab92-f4715fa4c1e9
72bbff30-946d-4281-9685-bc6021206f5e,localhost,7206,0.7929999828338623,0.6507371664047241,0,2023-05-21 19:51:38.145048,f7ba8079-9c60-4f21-ab92-f4715fa4c1e9
0572e0ca-8440-4149-9334-9f808236d733,localhost,1215,0.781000018119812,0.692292332649231,0,2023-05-21 19:51:38.158048,f7ba8079-9c60-4f21-ab92-f4715fa4c1e9
e5657c85-807e-4184-abb4-f96ac3261ab7,localhost,5564,0.7960000038146973,0.6681939959526062,0,2023-05-21 19:51:38.201047,f7ba8079-9c60-4f21-ab92-f4715fa4c1e9
95c47c50-1ffd-4017-ac7a-fee1f248d294,localhost,3699,0.7836666703224182,0.6674607992172241,0,2023-05-21 19:51:38.439049,f7ba8079-9c60-4f21-ab92-f4715fa4c1e9
789a67f2-ceb1-4c86-8617-67086fb12be0,localhost,3850,0.7956666946411133,0.6519116163253784,0,2023-05-21 19:51:38.524046,f7ba8079-9c60-4f21-ab92-f4715fa4c1e9
ae600f54-402c-4def-84ca-c1d859dd012e,localhost,8311,0.9133333563804626,0.30793440341949463,1,2023-05-21 19:51:41.945088,f7ba8079-9c60-4f21-ab92-f4715fa4c1e9
f2fb9405-4df3-4e16-bcbd-625d22e6b5c7,localhost,4788,0.8963333368301392,0.3263062834739685,1,2023-05-21 19:51:42.044127,f7ba8079-9c60-4f21-ab92-f4715fa4c1e9
e5657c85-807e-4184-abb4-f96ac3261ab7,localhost,5564,0.890666663646698,0.3372352123260498,1,2023-05-21 19:51:42.550095,f7ba8079-9c60-4f21-ab92-f4715fa4c1e9
a8871a3b-c15d-482a-b96e-792a22b07e73,localhost,8505,0.9056666493415833,0.2964448034763336,1,2023-05-21 19:51:42.558051,f7ba8079-9c60-4f21-ab92-f4715fa4c1e9
72bbff30-946d-4281-9685-bc6021206f5e,localhost,7206,0.8960000276565552,0.3289109468460083,1,2023-05-21 19:51:43.104045,f7ba8079-9c60-4f21-ab92-f4715fa4c1e9
be02866d-88ee-4920-9d43-1b708ec70bcb,localhost,8652,0.9003333449363708,0.3296332061290741,1,2023-05-21 19:51:43.253049,f7ba8079-9c60-4f21-ab92-f4715fa4c1e9
95c47c50-1ffd-4017-ac7a-fee1f248d294,localhost,3699,0.9046666622161865,0.31325870752334595,1,2023-05-21 19:51:43.311043,f7ba8079-9c60-4f21-ab92-f4715fa4c1e9
a8871a3b-c15d-482a-b96e-792a22b07e73,localhost,8505,0.9253333210945129,0.24759183824062347,2,2023-05-21 19:51:46.879057,f7ba8079-9c60-4f21-ab92-f4715fa4c1e9
ae600f54-402c-4def-84ca-c1d859dd012e,localhost,8311,0.9203333258628845,0.2448970377445221,2,2023-05-21 19:51:46.997051,f7ba8079-9c60-4f21-ab92-f4715fa4c1e9
789a67f2-ceb1-4c86-8617-67086fb12be0,localhost,3850,0.9283333420753479,0.23714017868041992,2,2023-05-21 19:51:47.276053,f7ba8079-9c60-4f21-ab92-f4715fa4c1e9
72bbff30-946d-4281-9685-bc6021206f5e,localhost,7206,0.9269999861717224,0.2493639886379242,2,2023-05-21 19:51:47.508059,f7ba8079-9c60-4f21-ab92-f4715fa4c1e9
f2fb9405-4df3-4e16-bcbd-625d22e6b5c7,localhost,4788,0.9256666898727417,0.229676753282547,2,2023-05-21 19:51:47.823060,f7ba8079-9c60-4f21-ab92-f4715fa4c1e9
e5657c85-807e-4184-abb4-f96ac3261ab7,localhost,5564,0.9163333177566528,0.2572188377380371,2,2023-05-21 19:51:47.948071,f7ba8079-9c60-4f21-ab92-f4715fa4c1e9
be02866d-88ee-4920-9d43-1b708ec70bcb,localhost,8652,0.9316666722297668,0.2277740240097046,2,2023-05-21 19:51:48.048053,f7ba8079-9c60-4f21-ab92-f4715fa4c1e9
95c47c50-1ffd-4017-ac7a-fee1f248d294,localhost,3699,0.9296666383743286,0.2338958978652954,2,2023-05-21 19:51:48.597043,f7ba8079-9c60-4f21-ab92-f4715fa4c1e9
0572e0ca-8440-4149-9334-9f808236d733,localhost,1215,0.9176666736602783,0.27135714888572693,2,2023-05-21 19:51:48.655041,f7ba8079-9c60-4f21-ab92-f4715fa4c1e9
8ad1d3df-b30d-41ea-bbd2-3aa671ade574,localhost,6090,0.9190000295639038,0.2690129280090332,2,2023-05-21 19:51:49.637039,f7ba8079-9c60-4f21-ab92-f4715fa4c1e9
f2fb9405-4df3-4e16-bcbd-625d22e6b5c7,localhost,4788,0.9363889098167419,0.1983666718006134,3,2023-05-21 19:51:53.068053,f7ba8079-9c60-4f21-ab92-f4715fa4c1e9
ae600f54-402c-4def-84ca-c1d859dd012e,localhost,8311,0.9469444155693054,0.18034285306930542,3,2023-05-21 19:51:53.137083,f7ba8079-9c60-4f21-ab92-f4715fa4c1e9
be02866d-88ee-4920-9d43-1b708ec70bcb,localhost,8652,0.9427777528762817,0.18128366768360138,3,2023-05-21 19:51:53.224086,f7ba8079-9c60-4f21-ab92-f4715fa4c1e9
72bbff30-946d-4281-9685-bc6021206f5e,localhost,7206,0.9394444227218628,0.20336829125881195,3,2023-05-21 19:51:53.403042,f7ba8079-9c60-4f21-ab92-f4715fa4c1e9
95c47c50-1ffd-4017-ac7a-fee1f248d294,localhost,3699,0.9388889074325562,0.20408517122268677,3,2023-05-21 19:51:53.421041,f7ba8079-9c60-4f21-ab92-f4715fa4c1e9
e5657c85-807e-4184-abb4-f96ac3261ab7,localhost,5564,0.9453333616256714,0.1839398592710495,4,2023-05-21 19:51:56.455049,f7ba8079-9c60-4f21-ab92-f4715fa4c1e9
f2fb9405-4df3-4e16-bcbd-625d22e6b5c7,localhost,4788,0.9472222328186035,0.1709568351507187,4,2023-05-21 19:51:56.800051,f7ba8079-9c60-4f21-ab92-f4715fa4c1e9
0572e0ca-8440-4149-9334-9f808236d733,localhost,1215,0.9524999856948853,0.15887416899204254,4,2023-05-21 19:51:56.843054,f7ba8079-9c60-4f21-ab92-f4715fa4c1e9
789a67f2-ceb1-4c86-8617-67086fb12be0,localhost,3850,0.9527778029441833,0.15324342250823975,4,2023-05-21 19:51:56.916044,f7ba8079-9c60-4f21-ab92-f4715fa4c1e9
a8871a3b-c15d-482a-b96e-792a22b07e73,localhost,8505,0.9441666603088379,0.18934181332588196,4,2023-05-21 19:51:57.106039,f7ba8079-9c60-4f21-ab92-f4715fa4c1e9
f2fb9405-4df3-4e16-bcbd-625d22e6b5c7,localhost,4788,0.9603333473205566,0.1292535960674286,5,2023-05-21 19:52:00.552077,f7ba8079-9c60-4f21-ab92-f4715fa4c1e9
be02866d-88ee-4920-9d43-1b708ec70bcb,localhost,8652,0.9610000252723694,0.139840766787529,5,2023-05-21 19:52:00.653051,f7ba8079-9c60-4f21-ab92-f4715fa4c1e9
95c47c50-1ffd-4017-ac7a-fee1f248d294,localhost,3699,0.9490000009536743,0.16548891365528107,5,2023-05-21 19:52:00.817079,f7ba8079-9c60-4f21-ab92-f4715fa4c1e9
8ad1d3df-b30d-41ea-bbd2-3aa671ade574,localhost,6090,0.956944465637207,0.1483709067106247,5,2023-05-21 19:52:00.835055,f7ba8079-9c60-4f21-ab92-f4715fa4c1e9
789a67f2-ceb1-4c86-8617-67086fb12be0,localhost,3850,0.9563888907432556,0.1533466875553131,5,2023-05-21 19:52:01.085055,f7ba8079-9c60-4f21-ab92-f4715fa4c1e9
a8871a3b-c15d-482a-b96e-792a22b07e73,localhost,8505,0.9508333206176758,0.14874479174613953,5,2023-05-21 19:52:01.514046,f7ba8079-9c60-4f21-ab92-f4715fa4c1e9
0572e0ca-8440-4149-9334-9f808236d733,localhost,1215,0.9623333215713501,0.11063507944345474,6,2023-05-21 19:52:04.563050,f7ba8079-9c60-4f21-ab92-f4715fa4c1e9
e5657c85-807e-4184-abb4-f96ac3261ab7,localhost,5564,0.9593333601951599,0.13333334028720856,6,2023-05-21 19:52:04.616053,f7ba8079-9c60-4f21-ab92-f4715fa4c1e9
95c47c50-1ffd-4017-ac7a-fee1f248d294,localhost,3699,0.9580555558204651,0.13870568573474884,6,2023-05-21 19:52:04.835055,f7ba8079-9c60-4f21-ab92-f4715fa4c1e9
72bbff30-946d-4281-9685-bc6021206f5e,localhost,7206,0.9605555534362793,0.12828600406646729,6,2023-05-21 19:52:05.031044,f7ba8079-9c60-4f21-ab92-f4715fa4c1e9
8ad1d3df-b30d-41ea-bbd2-3aa671ade574,localhost,6090,0.9673333168029785,0.10950722545385361,6,2023-05-21 19:52:05.080043,f7ba8079-9c60-4f21-ab92-f4715fa4c1e9
8ad1d3df-b30d-41ea-bbd2-3aa671ade574,localhost,6090,0.968999981880188,0.10667965561151505,7,2023-05-21 19:52:08.631064,f7ba8079-9c60-4f21-ab92-f4715fa4c1e9
f2fb9405-4df3-4e16-bcbd-625d22e6b5c7,localhost,4788,0.9673333168029785,0.10910524427890778,7,2023-05-21 19:52:08.731065,f7ba8079-9c60-4f21-ab92-f4715fa4c1e9
72bbff30-946d-4281-9685-bc6021206f5e,localhost,7206,0.9676666855812073,0.1161954328417778,7,2023-05-21 19:52:08.810052,f7ba8079-9c60-4f21-ab92-f4715fa4c1e9
95c47c50-1ffd-4017-ac7a-fee1f248d294,localhost,3699,0.9703333377838135,0.101750448346138,7,2023-05-21 19:52:09.298080,f7ba8079-9c60-4f21-ab92-f4715fa4c1e9
e5657c85-807e-4184-abb4-f96ac3261ab7,localhost,5564,0.9683333039283752,0.10141041874885559,7,2023-05-21 19:52:09.580077,f7ba8079-9c60-4f21-ab92-f4715fa4c1e9
a8871a3b-c15d-482a-b96e-792a22b07e73,localhost,8505,0.9706666469573975,0.10217391699552536,7,2023-05-21 19:52:09.726048,f7ba8079-9c60-4f21-ab92-f4715fa4c1e9
ae600f54-402c-4def-84ca-c1d859dd012e,localhost,8311,0.9639999866485596,0.11638621240854263,7,2023-05-21 19:52:09.776064,f7ba8079-9c60-4f21-ab92-f4715fa4c1e9
be02866d-88ee-4920-9d43-1b708ec70bcb,localhost,8652,0.9633333086967468,0.12668366730213165,7,2023-05-21 19:52:10.386045,f7ba8079-9c60-4f21-ab92-f4715fa4c1e9
0572e0ca-8440-4149-9334-9f808236d733,localhost,1215,0.9696666598320007,0.108882375061512,7,2023-05-21 19:52:10.634044,f7ba8079-9c60-4f21-ab92-f4715fa4c1e9
8ad1d3df-b30d-41ea-bbd2-3aa671ade574,localhost,6090,0.9636666774749756,0.11378347873687744,8,2023-05-21 19:52:13.623057,f7ba8079-9c60-4f21-ab92-f4715fa4c1e9
72bbff30-946d-4281-9685-bc6021206f5e,localhost,7206,0.971666693687439,0.09261894971132278,8,2023-05-21 19:52:13.771061,f7ba8079-9c60-4f21-ab92-f4715fa4c1e9
f2fb9405-4df3-4e16-bcbd-625d22e6b5c7,localhost,4788,0.9750000238418579,0.08798952400684357,8,2023-05-21 19:52:13.773104,f7ba8079-9c60-4f21-ab92-f4715fa4c1e9
a8871a3b-c15d-482a-b96e-792a22b07e73,localhost,8505,0.9733333587646484,0.09530804306268692,8,2023-05-21 19:52:14.208049,f7ba8079-9c60-4f21-ab92-f4715fa4c1e9
95c47c50-1ffd-4017-ac7a-fee1f248d294,localhost,3699,0.9713333249092102,0.09533198922872543,8,2023-05-21 19:52:14.565056,f7ba8079-9c60-4f21-ab92-f4715fa4c1e9
be02866d-88ee-4920-9d43-1b708ec70bcb,localhost,8652,0.9696666598320007,0.11146130412817001,8,2023-05-21 19:52:15.517049,f7ba8079-9c60-4f21-ab92-f4715fa4c1e9
789a67f2-ceb1-4c86-8617-67086fb12be0,localhost,3850,0.9706666469573975,0.10523872822523117,8,2023-05-21 19:52:15.518044,f7ba8079-9c60-4f21-ab92-f4715fa4c1e9
e5657c85-807e-4184-abb4-f96ac3261ab7,localhost,5564,0.9736666679382324,0.09312336146831512,8,2023-05-21 19:52:15.670048,f7ba8079-9c60-4f21-ab92-f4715fa4c1e9
0572e0ca-8440-4149-9334-9f808236d733,localhost,1215,0.9723333120346069,0.097915880382061,8,2023-05-21 19:52:15.925042,f7ba8079-9c60-4f21-ab92-f4715fa4c1e9
ae600f54-402c-4def-84ca-c1d859dd012e,localhost,8311,0.9679999947547913,0.11411941796541214,9,2023-05-21 19:52:19.008102,f7ba8079-9c60-4f21-ab92-f4715fa4c1e9
f2fb9405-4df3-4e16-bcbd-625d22e6b5c7,localhost,4788,0.971666693687439,0.08589009940624237,9,2023-05-21 19:52:19.220054,f7ba8079-9c60-4f21-ab92-f4715fa4c1e9
72bbff30-946d-4281-9685-bc6021206f5e,localhost,7206,0.9679999947547913,0.09972457587718964,9,2023-05-21 19:52:19.333066,f7ba8079-9c60-4f21-ab92-f4715fa4c1e9
95c47c50-1ffd-4017-ac7a-fee1f248d294,localhost,3699,0.972000002861023,0.09319091588258743,9,2023-05-21 19:52:19.461056,f7ba8079-9c60-4f21-ab92-f4715fa4c1e9
be02866d-88ee-4920-9d43-1b708ec70bcb,localhost,8652,0.9723333120346069,0.10080955922603607,9,2023-05-21 19:52:20.435055,f7ba8079-9c60-4f21-ab92-f4715fa4c1e9
0572e0ca-8440-4149-9334-9f808236d733,localhost,1215,0.9700000286102295,0.0928812250494957,9,2023-05-21 19:52:20.850074,f7ba8079-9c60-4f21-ab92-f4715fa4c1e9
8ad1d3df-b30d-41ea-bbd2-3aa671ade574,localhost,6090,0.9739999771118164,0.08656030148267746,9,2023-05-21 19:52:20.906048,f7ba8079-9c60-4f21-ab92-f4715fa4c1e9
e5657c85-807e-4184-abb4-f96ac3261ab7,localhost,5564,0.9726666808128357,0.09312441945075989,9,2023-05-21 19:52:20.936060,f7ba8079-9c60-4f21-ab92-f4715fa4c1e9
a8871a3b-c15d-482a-b96e-792a22b07e73,localhost,8505,0.9706666469573975,0.09540119767189026,9,2023-05-21 19:52:21.276044,f7ba8079-9c60-4f21-ab92-f4715fa4c1e9
a8871a3b-c15d-482a-b96e-792a22b07e73,localhost,8505,0.9729999899864197,0.09750425070524216,10,2023-05-21 19:52:24.119079,f7ba8079-9c60-4f21-ab92-f4715fa4c1e9
f2fb9405-4df3-4e16-bcbd-625d22e6b5c7,localhost,4788,0.9739999771118164,0.08650769293308258,10,2023-05-21 19:52:24.250092,f7ba8079-9c60-4f21-ab92-f4715fa4c1e9
789a67f2-ceb1-4c86-8617-67086fb12be0,localhost,3850,0.968666672706604,0.08339216560125351,10,2023-05-21 19:52:24.429051,f7ba8079-9c60-4f21-ab92-f4715fa4c1e9
0572e0ca-8440-4149-9334-9f808236d733,localhost,1215,0.9683333039283752,0.10630768537521362,10,2023-05-21 19:52:24.540050,f7ba8079-9c60-4f21-ab92-f4715fa4c1e9
e5657c85-807e-4184-abb4-f96ac3261ab7,localhost,5564,0.9713888764381409,0.09135958552360535,10,2023-05-21 19:52:24.928042,f7ba8079-9c60-4f21-ab92-f4715fa4c1e9
0572e0ca-8440-4149-9334-9f808236d733,localhost,1215,0.9736666679382324,0.0879642516374588,11,2023-05-21 19:52:28.512049,f7ba8079-9c60-4f21-ab92-f4715fa4c1e9
ae600f54-402c-4def-84ca-c1d859dd012e,localhost,8311,0.971666693687439,0.09454882889986038,11,2023-05-21 19:52:28.512049,f7ba8079-9c60-4f21-ab92-f4715fa4c1e9
789a67f2-ceb1-4c86-8617-67086fb12be0,localhost,3850,0.9743333458900452,0.08925792574882507,11,2023-05-21 19:52:28.576082,f7ba8079-9c60-4f21-ab92-f4715fa4c1e9
72bbff30-946d-4281-9685-bc6021206f5e,localhost,7206,0.9746666550636292,0.07805043458938599,11,2023-05-21 19:52:28.837054,f7ba8079-9c60-4f21-ab92-f4715fa4c1e9
95c47c50-1ffd-4017-ac7a-fee1f248d294,localhost,3699,0.972000002861023,0.08473784476518631,11,2023-05-21 19:52:29.300053,f7ba8079-9c60-4f21-ab92-f4715fa4c1e9
f2fb9405-4df3-4e16-bcbd-625d22e6b5c7,localhost,4788,0.9810000061988831,0.07524900138378143,11,2023-05-21 19:52:29.409059,f7ba8079-9c60-4f21-ab92-f4715fa4c1e9
8ad1d3df-b30d-41ea-bbd2-3aa671ade574,localhost,6090,0.9769999980926514,0.08321338891983032,11,2023-05-21 19:52:29.557066,f7ba8079-9c60-4f21-ab92-f4715fa4c1e9
be02866d-88ee-4920-9d43-1b708ec70bcb,localhost,8652,0.9779999852180481,0.07453925162553787,11,2023-05-21 19:52:30.113046,f7ba8079-9c60-4f21-ab92-f4715fa4c1e9
a8871a3b-c15d-482a-b96e-792a22b07e73,localhost,8505,0.9750000238418579,0.07823005318641663,11,2023-05-21 19:52:30.193040,f7ba8079-9c60-4f21-ab92-f4715fa4c1e9
95c47c50-1ffd-4017-ac7a-fee1f248d294,localhost,3699,0.9769999980926514,0.07509791851043701,12,2023-05-21 19:52:32.998061,f7ba8079-9c60-4f21-ab92-f4715fa4c1e9
0572e0ca-8440-4149-9334-9f808236d733,localhost,1215,0.9776666760444641,0.07913442701101303,12,2023-05-21 19:52:33.124092,f7ba8079-9c60-4f21-ab92-f4715fa4c1e9
a8871a3b-c15d-482a-b96e-792a22b07e73,localhost,8505,0.9741666913032532,0.09010002762079239,12,2023-05-21 19:52:33.436053,f7ba8079-9c60-4f21-ab92-f4715fa4c1e9
789a67f2-ceb1-4c86-8617-67086fb12be0,localhost,3850,0.9769999980926514,0.07918386906385422,12,2023-05-21 19:52:33.516047,f7ba8079-9c60-4f21-ab92-f4715fa4c1e9
72bbff30-946d-4281-9685-bc6021206f5e,localhost,7206,0.9780555367469788,0.07318601757287979,12,2023-05-21 19:52:33.579041,f7ba8079-9c60-4f21-ab92-f4715fa4c1e9
95c47c50-1ffd-4017-ac7a-fee1f248d294,localhost,3699,0.9779999852180481,0.07251392304897308,13,2023-05-21 19:52:36.805049,f7ba8079-9c60-4f21-ab92-f4715fa4c1e9
ae600f54-402c-4def-84ca-c1d859dd012e,localhost,8311,0.9810000061988831,0.06616533547639847,13,2023-05-21 19:52:37.041070,f7ba8079-9c60-4f21-ab92-f4715fa4c1e9
789a67f2-ceb1-4c86-8617-67086fb12be0,localhost,3850,0.9796666502952576,0.06661617010831833,13,2023-05-21 19:52:37.260080,f7ba8079-9c60-4f21-ab92-f4715fa4c1e9
f2fb9405-4df3-4e16-bcbd-625d22e6b5c7,localhost,4788,0.9773333072662354,0.07430131733417511,13,2023-05-21 19:52:37.584058,f7ba8079-9c60-4f21-ab92-f4715fa4c1e9
72bbff30-946d-4281-9685-bc6021206f5e,localhost,7206,0.9776666760444641,0.07994649559259415,13,2023-05-21 19:52:37.894051,f7ba8079-9c60-4f21-ab92-f4715fa4c1e9
a8871a3b-c15d-482a-b96e-792a22b07e73,localhost,8505,0.9776666760444641,0.08160900324583054,13,2023-05-21 19:52:38.177063,f7ba8079-9c60-4f21-ab92-f4715fa4c1e9
be02866d-88ee-4920-9d43-1b708ec70bcb,localhost,8652,0.9836666584014893,0.05859818682074547,13,2023-05-21 19:52:38.232054,f7ba8079-9c60-4f21-ab92-f4715fa4c1e9
8ad1d3df-b30d-41ea-bbd2-3aa671ade574,localhost,6090,0.972000002861023,0.09609880298376083,13,2023-05-21 19:52:38.639043,f7ba8079-9c60-4f21-ab92-f4715fa4c1e9
e5657c85-807e-4184-abb4-f96ac3261ab7,localhost,5564,0.9826666712760925,0.06344906985759735,13,2023-05-21 19:52:38.731047,f7ba8079-9c60-4f21-ab92-f4715fa4c1e9
8ad1d3df-b30d-41ea-bbd2-3aa671ade574,localhost,6090,0.9819999933242798,0.06663324683904648,14,2023-05-21 19:52:41.746054,f7ba8079-9c60-4f21-ab92-f4715fa4c1e9
a8871a3b-c15d-482a-b96e-792a22b07e73,localhost,8505,0.9783333539962769,0.07292929291725159,14,2023-05-21 19:52:41.759052,f7ba8079-9c60-4f21-ab92-f4715fa4c1e9
f2fb9405-4df3-4e16-bcbd-625d22e6b5c7,localhost,4788,0.9796666502952576,0.06623171269893646,14,2023-05-21 19:52:41.880048,f7ba8079-9c60-4f21-ab92-f4715fa4c1e9
789a67f2-ceb1-4c86-8617-67086fb12be0,localhost,3850,0.9777777791023254,0.07440975308418274,14,2023-05-21 19:52:42.408049,f7ba8079-9c60-4f21-ab92-f4715fa4c1e9
be02866d-88ee-4920-9d43-1b708ec70bcb,localhost,8652,0.9816666841506958,0.060269881039857864,14,2023-05-21 19:52:42.495041,f7ba8079-9c60-4f21-ab92-f4715fa4c1e9
0572e0ca-8440-4149-9334-9f808236d733,localhost,1215,0.9806666374206543,0.06530492007732391,14,2023-05-21 19:52:42.667038,f7ba8079-9c60-4f21-ab92-f4715fa4c1e9
a8871a3b-c15d-482a-b96e-792a22b07e73,localhost,8505,0.9789999723434448,0.06634171307086945,15,2023-05-21 19:52:45.737049,f7ba8079-9c60-4f21-ab92-f4715fa4c1e9
789a67f2-ceb1-4c86-8617-67086fb12be0,localhost,3850,0.9803333282470703,0.05650290101766586,15,2023-05-21 19:52:46.045060,f7ba8079-9c60-4f21-ab92-f4715fa4c1e9
8ad1d3df-b30d-41ea-bbd2-3aa671ade574,localhost,6090,0.9738888740539551,0.08760660141706467,15,2023-05-21 19:52:46.116053,f7ba8079-9c60-4f21-ab92-f4715fa4c1e9
e5657c85-807e-4184-abb4-f96ac3261ab7,localhost,5564,0.9827777743339539,0.06585106998682022,15,2023-05-21 19:52:46.260045,f7ba8079-9c60-4f21-ab92-f4715fa4c1e9
be02866d-88ee-4920-9d43-1b708ec70bcb,localhost,8652,0.9806666374206543,0.06923792511224747,15,2023-05-21 19:52:46.414061,f7ba8079-9c60-4f21-ab92-f4715fa4c1e9
72bbff30-946d-4281-9685-bc6021206f5e,localhost,7206,0.9769444465637207,0.07788434624671936,15,2023-05-21 19:52:46.832042,f7ba8079-9c60-4f21-ab92-f4715fa4c1e9
ae600f54-402c-4def-84ca-c1d859dd012e,localhost,8311,0.9766666889190674,0.07361706346273422,16,2023-05-21 19:52:49.670053,f7ba8079-9c60-4f21-ab92-f4715fa4c1e9
e5657c85-807e-4184-abb4-f96ac3261ab7,localhost,5564,0.9826666712760925,0.06046704202890396,16,2023-05-21 19:52:49.821060,f7ba8079-9c60-4f21-ab92-f4715fa4c1e9
95c47c50-1ffd-4017-ac7a-fee1f248d294,localhost,3699,0.9827777743339539,0.05940408632159233,16,2023-05-21 19:52:50.149047,f7ba8079-9c60-4f21-ab92-f4715fa4c1e9
f2fb9405-4df3-4e16-bcbd-625d22e6b5c7,localhost,4788,0.9810000061988831,0.06269755214452744,16,2023-05-21 19:52:50.339062,f7ba8079-9c60-4f21-ab92-f4715fa4c1e9
72bbff30-946d-4281-9685-bc6021206f5e,localhost,7206,0.9763888716697693,0.07169616967439651,16,2023-05-21 19:52:50.377051,f7ba8079-9c60-4f21-ab92-f4715fa4c1e9
be02866d-88ee-4920-9d43-1b708ec70bcb,localhost,8652,0.9860000014305115,0.057343799620866776,16,2023-05-21 19:52:50.810045,f7ba8079-9c60-4f21-ab92-f4715fa4c1e9
ae600f54-402c-4def-84ca-c1d859dd012e,localhost,8311,0.9829999804496765,0.05723007768392563,17,2023-05-21 19:52:53.960056,f7ba8079-9c60-4f21-ab92-f4715fa4c1e9
8ad1d3df-b30d-41ea-bbd2-3aa671ade574,localhost,6090,0.9802777767181396,0.0635824054479599,17,2023-05-21 19:52:54.041047,f7ba8079-9c60-4f21-ab92-f4715fa4c1e9
a8871a3b-c15d-482a-b96e-792a22b07e73,localhost,8505,0.9836111068725586,0.06113897264003754,17,2023-05-21 19:52:54.101052,f7ba8079-9c60-4f21-ab92-f4715fa4c1e9
72bbff30-946d-4281-9685-bc6021206f5e,localhost,7206,0.9769444465637207,0.06889131665229797,17,2023-05-21 19:52:54.487043,f7ba8079-9c60-4f21-ab92-f4715fa4c1e9
0572e0ca-8440-4149-9334-9f808236d733,localhost,1215,0.987333357334137,0.044364020228385925,18,2023-05-21 19:52:57.508053,f7ba8079-9c60-4f21-ab92-f4715fa4c1e9
be02866d-88ee-4920-9d43-1b708ec70bcb,localhost,8652,0.984000027179718,0.0558735691010952,18,2023-05-21 19:52:57.736050,f7ba8079-9c60-4f21-ab92-f4715fa4c1e9
72bbff30-946d-4281-9685-bc6021206f5e,localhost,7206,0.9786666631698608,0.07523669302463531,18,2023-05-21 19:52:57.837051,f7ba8079-9c60-4f21-ab92-f4715fa4c1e9
789a67f2-ceb1-4c86-8617-67086fb12be0,localhost,3850,0.9829999804496765,0.05999934300780296,18,2023-05-21 19:52:57.896076,f7ba8079-9c60-4f21-ab92-f4715fa4c1e9
8ad1d3df-b30d-41ea-bbd2-3aa671ade574,localhost,6090,0.9796666502952576,0.06575997173786163,18,2023-05-21 19:52:58.526056,f7ba8079-9c60-4f21-ab92-f4715fa4c1e9
e5657c85-807e-4184-abb4-f96ac3261ab7,localhost,5564,0.984000027179718,0.05908406525850296,18,2023-05-21 19:52:59.159047,f7ba8079-9c60-4f21-ab92-f4715fa4c1e9
a8871a3b-c15d-482a-b96e-792a22b07e73,localhost,8505,0.9773333072662354,0.0668208971619606,18,2023-05-21 19:52:59.482053,f7ba8079-9c60-4f21-ab92-f4715fa4c1e9
95c47c50-1ffd-4017-ac7a-fee1f248d294,localhost,3699,0.9816666841506958,0.06386799365282059,18,2023-05-21 19:52:59.591074,f7ba8079-9c60-4f21-ab92-f4715fa4c1e9
f2fb9405-4df3-4e16-bcbd-625d22e6b5c7,localhost,4788,0.9810000061988831,0.05579228699207306,18,2023-05-21 19:52:59.710039,f7ba8079-9c60-4f21-ab92-f4715fa4c1e9
ae600f54-402c-4def-84ca-c1d859dd012e,localhost,8311,0.9823333621025085,0.056134313344955444,19,2023-05-21 19:53:02.906053,f7ba8079-9c60-4f21-ab92-f4715fa4c1e9
0572e0ca-8440-4149-9334-9f808236d733,localhost,1215,0.9810000061988831,0.059162989258766174,19,2023-05-21 19:53:03.032059,f7ba8079-9c60-4f21-ab92-f4715fa4c1e9
95c47c50-1ffd-4017-ac7a-fee1f248d294,localhost,3699,0.9829999804496765,0.05979153513908386,19,2023-05-21 19:53:03.116050,f7ba8079-9c60-4f21-ab92-f4715fa4c1e9
e5657c85-807e-4184-abb4-f96ac3261ab7,localhost,5564,0.9810000061988831,0.05484561622142792,19,2023-05-21 19:53:03.267073,f7ba8079-9c60-4f21-ab92-f4715fa4c1e9
a8871a3b-c15d-482a-b96e-792a22b07e73,localhost,8505,0.9836666584014893,0.05571877583861351,19,2023-05-21 19:53:03.587061,f7ba8079-9c60-4f21-ab92-f4715fa4c1e9
72bbff30-946d-4281-9685-bc6021206f5e,localhost,7206,0.9863333106040955,0.046653758734464645,19,2023-05-21 19:53:04.690069,f7ba8079-9c60-4f21-ab92-f4715fa4c1e9
8ad1d3df-b30d-41ea-bbd2-3aa671ade574,localhost,6090,0.984666645526886,0.053515318781137466,19,2023-05-21 19:53:05.041050,f7ba8079-9c60-4f21-ab92-f4715fa4c1e9
be02866d-88ee-4920-9d43-1b708ec70bcb,localhost,8652,0.9850000143051147,0.04651426523923874,19,2023-05-21 19:53:05.188045,f7ba8079-9c60-4f21-ab92-f4715fa4c1e9
f2fb9405-4df3-4e16-bcbd-625d22e6b5c7,localhost,4788,0.9869999885559082,0.047305699437856674,19,2023-05-21 19:53:05.251047,f7ba8079-9c60-4f21-ab92-f4715fa4c1e9
789a67f2-ceb1-4c86-8617-67086fb12be0,localhost,3850,0.9856666922569275,0.05078233778476715,19,2023-05-21 19:53:05.393043,f7ba8079-9c60-4f21-ab92-f4715fa4c1e9
687ecc8d-99f3-4645-a01c-4c68cf0f05f0,localhost,8882,0.7730000019073486,0.6853606104850769,0,2023-05-21 19:56:00.200816,43a1bcbf-ce48-42c2-b5b3-fb48d8685482
782ddff3-37d3-4a59-84c1-f731d872360a,localhost,5289,0.7576666474342346,0.7556454539299011,0,2023-05-21 19:56:00.208814,43a1bcbf-ce48-42c2-b5b3-fb48d8685482
d6d05175-e927-4289-bc6a-95926e7fe307,localhost,7079,0.7923333048820496,0.6437368988990784,0,2023-05-21 19:56:00.294815,43a1bcbf-ce48-42c2-b5b3-fb48d8685482
f1694d38-8e8c-4f9b-a7cb-fe8b10de1bed,localhost,4098,0.7716666460037231,0.7057845592498779,0,2023-05-21 19:56:00.801824,43a1bcbf-ce48-42c2-b5b3-fb48d8685482
c156d563-7f71-4821-b20c-04e20f9b9c66,localhost,3330,0.7696666717529297,0.7045963406562805,0,2023-05-21 19:56:01.456841,43a1bcbf-ce48-42c2-b5b3-fb48d8685482
479eba63-3dfd-41b9-a8b8-5b855f350861,localhost,8169,0.7763333320617676,0.7006477117538452,0,2023-05-21 19:56:01.864820,43a1bcbf-ce48-42c2-b5b3-fb48d8685482
ba54b5e6-08c9-4634-b45e-0f50c214113a,localhost,2612,0.7676666378974915,0.7278704643249512,0,2023-05-21 19:56:02.205830,43a1bcbf-ce48-42c2-b5b3-fb48d8685482
7f38f793-1bec-4d52-894f-96c75df09334,localhost,9533,0.7839999794960022,0.6564751267433167,0,2023-05-21 19:56:02.295808,43a1bcbf-ce48-42c2-b5b3-fb48d8685482
cf7fac5c-4858-402b-aca1-4e41793aceff,localhost,4363,0.7839999794960022,0.6772061586380005,0,2023-05-21 19:56:02.325806,43a1bcbf-ce48-42c2-b5b3-fb48d8685482
ba54b5e6-08c9-4634-b45e-0f50c214113a,localhost,2612,0.9026666879653931,0.3428676426410675,1,2023-05-21 19:56:05.851697,43a1bcbf-ce48-42c2-b5b3-fb48d8685482
c156d563-7f71-4821-b20c-04e20f9b9c66,localhost,3330,0.8843333125114441,0.38669154047966003,1,2023-05-21 19:56:06.024718,43a1bcbf-ce48-42c2-b5b3-fb48d8685482
7f38f793-1bec-4d52-894f-96c75df09334,localhost,9533,0.8896666765213013,0.35457515716552734,1,2023-05-21 19:56:06.264700,43a1bcbf-ce48-42c2-b5b3-fb48d8685482
479eba63-3dfd-41b9-a8b8-5b855f350861,localhost,8169,0.893666684627533,0.338871031999588,1,2023-05-21 19:56:06.366713,43a1bcbf-ce48-42c2-b5b3-fb48d8685482
782ddff3-37d3-4a59-84c1-f731d872360a,localhost,5289,0.8953333497047424,0.3549761176109314,1,2023-05-21 19:56:06.715732,43a1bcbf-ce48-42c2-b5b3-fb48d8685482
cf7fac5c-4858-402b-aca1-4e41793aceff,localhost,4363,0.903333306312561,0.31384238600730896,1,2023-05-21 19:56:07.172695,43a1bcbf-ce48-42c2-b5b3-fb48d8685482
687ecc8d-99f3-4645-a01c-4c68cf0f05f0,localhost,8882,0.8896666765213013,0.353882759809494,1,2023-05-21 19:56:07.352672,43a1bcbf-ce48-42c2-b5b3-fb48d8685482
c64df13f-0afd-4196-b203-ff6100fc5b63,localhost,1710,0.903333306312561,0.31730446219444275,1,2023-05-21 19:56:08.293676,43a1bcbf-ce48-42c2-b5b3-fb48d8685482
782ddff3-37d3-4a59-84c1-f731d872360a,localhost,5289,0.9146666526794434,0.27479416131973267,2,2023-05-21 19:56:11.740691,43a1bcbf-ce48-42c2-b5b3-fb48d8685482
7f38f793-1bec-4d52-894f-96c75df09334,localhost,9533,0.9203333258628845,0.2599065601825714,2,2023-05-21 19:56:11.929684,43a1bcbf-ce48-42c2-b5b3-fb48d8685482
c64df13f-0afd-4196-b203-ff6100fc5b63,localhost,1710,0.9196666479110718,0.27909156680107117,2,2023-05-21 19:56:12.189689,43a1bcbf-ce48-42c2-b5b3-fb48d8685482
ba54b5e6-08c9-4634-b45e-0f50c214113a,localhost,2612,0.9193333387374878,0.2604924738407135,2,2023-05-21 19:56:12.412697,43a1bcbf-ce48-42c2-b5b3-fb48d8685482
f1694d38-8e8c-4f9b-a7cb-fe8b10de1bed,localhost,4098,0.9223333597183228,0.2654581069946289,2,2023-05-21 19:56:12.820684,43a1bcbf-ce48-42c2-b5b3-fb48d8685482
687ecc8d-99f3-4645-a01c-4c68cf0f05f0,localhost,8882,0.9089999794960022,0.2894846200942993,2,2023-05-21 19:56:12.993683,43a1bcbf-ce48-42c2-b5b3-fb48d8685482
479eba63-3dfd-41b9-a8b8-5b855f350861,localhost,8169,0.9133333563804626,0.26727908849716187,2,2023-05-21 19:56:13.573695,43a1bcbf-ce48-42c2-b5b3-fb48d8685482
d6d05175-e927-4289-bc6a-95926e7fe307,localhost,7079,0.9169999957084656,0.26636695861816406,2,2023-05-21 19:56:13.656681,43a1bcbf-ce48-42c2-b5b3-fb48d8685482
782ddff3-37d3-4a59-84c1-f731d872360a,localhost,5289,0.9369999766349792,0.20504677295684814,3,2023-05-21 19:56:17.594243,43a1bcbf-ce48-42c2-b5b3-fb48d8685482
c64df13f-0afd-4196-b203-ff6100fc5b63,localhost,1710,0.9276666641235352,0.24265530705451965,3,2023-05-21 19:56:17.687243,43a1bcbf-ce48-42c2-b5b3-fb48d8685482
7f38f793-1bec-4d52-894f-96c75df09334,localhost,9533,0.9350000023841858,0.21273382008075714,3,2023-05-21 19:56:18.031247,43a1bcbf-ce48-42c2-b5b3-fb48d8685482
c156d563-7f71-4821-b20c-04e20f9b9c66,localhost,3330,0.9363333582878113,0.22750259935855865,3,2023-05-21 19:56:18.077238,43a1bcbf-ce48-42c2-b5b3-fb48d8685482
d6d05175-e927-4289-bc6a-95926e7fe307,localhost,7079,0.9413333535194397,0.21322226524353027,3,2023-05-21 19:56:18.094257,43a1bcbf-ce48-42c2-b5b3-fb48d8685482
687ecc8d-99f3-4645-a01c-4c68cf0f05f0,localhost,8882,0.9273333549499512,0.23360081017017365,3,2023-05-21 19:56:18.324246,43a1bcbf-ce48-42c2-b5b3-fb48d8685482
ba54b5e6-08c9-4634-b45e-0f50c214113a,localhost,2612,0.9359999895095825,0.2040252834558487,3,2023-05-21 19:56:18.912238,43a1bcbf-ce48-42c2-b5b3-fb48d8685482
cf7fac5c-4858-402b-aca1-4e41793aceff,localhost,4363,0.9330000281333923,0.21642480790615082,3,2023-05-21 19:56:19.022237,43a1bcbf-ce48-42c2-b5b3-fb48d8685482
479eba63-3dfd-41b9-a8b8-5b855f350861,localhost,8169,0.9286666512489319,0.22668802738189697,3,2023-05-21 19:56:19.232231,43a1bcbf-ce48-42c2-b5b3-fb48d8685482
687ecc8d-99f3-4645-a01c-4c68cf0f05f0,localhost,8882,0.9456666707992554,0.18579824268817902,4,2023-05-21 19:56:22.781240,43a1bcbf-ce48-42c2-b5b3-fb48d8685482
c64df13f-0afd-4196-b203-ff6100fc5b63,localhost,1710,0.9409999847412109,0.1874960958957672,4,2023-05-21 19:56:22.778253,43a1bcbf-ce48-42c2-b5b3-fb48d8685482
479eba63-3dfd-41b9-a8b8-5b855f350861,localhost,8169,0.9476666450500488,0.17203032970428467,4,2023-05-21 19:56:22.780240,43a1bcbf-ce48-42c2-b5b3-fb48d8685482
f1694d38-8e8c-4f9b-a7cb-fe8b10de1bed,localhost,4098,0.9433333277702332,0.1853574961423874,4,2023-05-21 19:56:22.907246,43a1bcbf-ce48-42c2-b5b3-fb48d8685482
d6d05175-e927-4289-bc6a-95926e7fe307,localhost,7079,0.9390000104904175,0.19314397871494293,4,2023-05-21 19:56:23.042243,43a1bcbf-ce48-42c2-b5b3-fb48d8685482
ba54b5e6-08c9-4634-b45e-0f50c214113a,localhost,2612,0.9449999928474426,0.1691538244485855,4,2023-05-21 19:56:23.896271,43a1bcbf-ce48-42c2-b5b3-fb48d8685482
782ddff3-37d3-4a59-84c1-f731d872360a,localhost,5289,0.9446666836738586,0.1863529533147812,4,2023-05-21 19:56:24.044243,43a1bcbf-ce48-42c2-b5b3-fb48d8685482
7f38f793-1bec-4d52-894f-96c75df09334,localhost,9533,0.9413333535194397,0.19932961463928223,4,2023-05-21 19:56:24.318232,43a1bcbf-ce48-42c2-b5b3-fb48d8685482
c64df13f-0afd-4196-b203-ff6100fc5b63,localhost,1710,0.9480000138282776,0.1690623015165329,5,2023-05-21 19:56:27.886241,43a1bcbf-ce48-42c2-b5b3-fb48d8685482
7f38f793-1bec-4d52-894f-96c75df09334,localhost,9533,0.9589999914169312,0.14577707648277283,5,2023-05-21 19:56:28.354282,43a1bcbf-ce48-42c2-b5b3-fb48d8685482
f1694d38-8e8c-4f9b-a7cb-fe8b10de1bed,localhost,4098,0.9393333196640015,0.1839842051267624,5,2023-05-21 19:56:28.531256,43a1bcbf-ce48-42c2-b5b3-fb48d8685482
d6d05175-e927-4289-bc6a-95926e7fe307,localhost,7079,0.9449999928474426,0.1802133023738861,5,2023-05-21 19:56:28.603246,43a1bcbf-ce48-42c2-b5b3-fb48d8685482
cf7fac5c-4858-402b-aca1-4e41793aceff,localhost,4363,0.9459999799728394,0.18398284912109375,5,2023-05-21 19:56:28.782252,43a1bcbf-ce48-42c2-b5b3-fb48d8685482
782ddff3-37d3-4a59-84c1-f731d872360a,localhost,5289,0.9506666660308838,0.15831351280212402,5,2023-05-21 19:56:29.139248,43a1bcbf-ce48-42c2-b5b3-fb48d8685482
ba54b5e6-08c9-4634-b45e-0f50c214113a,localhost,2612,0.9536666870117188,0.1560123711824417,5,2023-05-21 19:56:29.370262,43a1bcbf-ce48-42c2-b5b3-fb48d8685482
c156d563-7f71-4821-b20c-04e20f9b9c66,localhost,3330,0.9586666822433472,0.14883647859096527,5,2023-05-21 19:56:30.160239,43a1bcbf-ce48-42c2-b5b3-fb48d8685482
479eba63-3dfd-41b9-a8b8-5b855f350861,localhost,8169,0.9539999961853027,0.16463938355445862,5,2023-05-21 19:56:30.219234,43a1bcbf-ce48-42c2-b5b3-fb48d8685482
687ecc8d-99f3-4645-a01c-4c68cf0f05f0,localhost,8882,0.9553333520889282,0.1573668271303177,5,2023-05-21 19:56:30.275241,43a1bcbf-ce48-42c2-b5b3-fb48d8685482
479eba63-3dfd-41b9-a8b8-5b855f350861,localhost,8169,0.9593333601951599,0.13967855274677277,6,2023-05-21 19:56:33.268310,43a1bcbf-ce48-42c2-b5b3-fb48d8685482
c64df13f-0afd-4196-b203-ff6100fc5b63,localhost,1710,0.9570000171661377,0.15664005279541016,6,2023-05-21 19:56:33.356250,43a1bcbf-ce48-42c2-b5b3-fb48d8685482
c156d563-7f71-4821-b20c-04e20f9b9c66,localhost,3330,0.9589999914169312,0.13735027611255646,6,2023-05-21 19:56:33.404240,43a1bcbf-ce48-42c2-b5b3-fb48d8685482
687ecc8d-99f3-4645-a01c-4c68cf0f05f0,localhost,8882,0.9573333263397217,0.13740187883377075,6,2023-05-21 19:56:33.640241,43a1bcbf-ce48-42c2-b5b3-fb48d8685482
cf7fac5c-4858-402b-aca1-4e41793aceff,localhost,4363,0.9589999914169312,0.14865876734256744,6,2023-05-21 19:56:34.072240,43a1bcbf-ce48-42c2-b5b3-fb48d8685482
f1694d38-8e8c-4f9b-a7cb-fe8b10de1bed,localhost,4098,0.9539999961853027,0.14736370742321014,6,2023-05-21 19:56:34.595237,43a1bcbf-ce48-42c2-b5b3-fb48d8685482
ba54b5e6-08c9-4634-b45e-0f50c214113a,localhost,2612,0.9543333053588867,0.1414880007505417,6,2023-05-21 19:56:34.599233,43a1bcbf-ce48-42c2-b5b3-fb48d8685482
782ddff3-37d3-4a59-84c1-f731d872360a,localhost,5289,0.9543333053588867,0.1442432403564453,7,2023-05-21 19:56:37.824248,43a1bcbf-ce48-42c2-b5b3-fb48d8685482
c64df13f-0afd-4196-b203-ff6100fc5b63,localhost,1710,0.9572222232818604,0.13525979220867157,7,2023-05-21 19:56:38.141243,43a1bcbf-ce48-42c2-b5b3-fb48d8685482
7f38f793-1bec-4d52-894f-96c75df09334,localhost,9533,0.9566666483879089,0.14219725131988525,7,2023-05-21 19:56:38.202247,43a1bcbf-ce48-42c2-b5b3-fb48d8685482
f1694d38-8e8c-4f9b-a7cb-fe8b10de1bed,localhost,4098,0.9594444632530212,0.12854799628257751,7,2023-05-21 19:56:38.517237,43a1bcbf-ce48-42c2-b5b3-fb48d8685482
c156d563-7f71-4821-b20c-04e20f9b9c66,localhost,3330,0.9596666693687439,0.1280851513147354,7,2023-05-21 19:56:38.605235,43a1bcbf-ce48-42c2-b5b3-fb48d8685482
ba54b5e6-08c9-4634-b45e-0f50c214113a,localhost,2612,0.9624999761581421,0.12415250390768051,7,2023-05-21 19:56:38.819235,43a1bcbf-ce48-42c2-b5b3-fb48d8685482
479eba63-3dfd-41b9-a8b8-5b855f350861,localhost,8169,0.9636666774749756,0.13194435834884644,8,2023-05-21 19:56:41.695260,43a1bcbf-ce48-42c2-b5b3-fb48d8685482
7f38f793-1bec-4d52-894f-96c75df09334,localhost,9533,0.9639999866485596,0.12038052082061768,8,2023-05-21 19:56:42.012242,43a1bcbf-ce48-42c2-b5b3-fb48d8685482
c156d563-7f71-4821-b20c-04e20f9b9c66,localhost,3330,0.9633333086967468,0.11874110251665115,8,2023-05-21 19:56:42.041242,43a1bcbf-ce48-42c2-b5b3-fb48d8685482
d6d05175-e927-4289-bc6a-95926e7fe307,localhost,7079,0.9639999866485596,0.1199868842959404,8,2023-05-21 19:56:42.394250,43a1bcbf-ce48-42c2-b5b3-fb48d8685482
c64df13f-0afd-4196-b203-ff6100fc5b63,localhost,1710,0.9700000286102295,0.10085984319448471,8,2023-05-21 19:56:42.864245,43a1bcbf-ce48-42c2-b5b3-fb48d8685482
782ddff3-37d3-4a59-84c1-f731d872360a,localhost,5289,0.972000002861023,0.09732989221811295,8,2023-05-21 19:56:43.859241,43a1bcbf-ce48-42c2-b5b3-fb48d8685482
ba54b5e6-08c9-4634-b45e-0f50c214113a,localhost,2612,0.9623333215713501,0.1277661770582199,8,2023-05-21 19:56:44.082275,43a1bcbf-ce48-42c2-b5b3-fb48d8685482
cf7fac5c-4858-402b-aca1-4e41793aceff,localhost,4363,0.9729999899864197,0.11070042103528976,8,2023-05-21 19:56:44.252258,43a1bcbf-ce48-42c2-b5b3-fb48d8685482
687ecc8d-99f3-4645-a01c-4c68cf0f05f0,localhost,8882,0.9626666903495789,0.1206822395324707,8,2023-05-21 19:56:44.303237,43a1bcbf-ce48-42c2-b5b3-fb48d8685482
f1694d38-8e8c-4f9b-a7cb-fe8b10de1bed,localhost,4098,0.965666651725769,0.12002602964639664,8,2023-05-21 19:56:44.427234,43a1bcbf-ce48-42c2-b5b3-fb48d8685482
d6d05175-e927-4289-bc6a-95926e7fe307,localhost,7079,0.965666651725769,0.11370991170406342,9,2023-05-21 19:56:48.365256,43a1bcbf-ce48-42c2-b5b3-fb48d8685482
782ddff3-37d3-4a59-84c1-f731d872360a,localhost,5289,0.9660000205039978,0.11423250287771225,9,2023-05-21 19:56:48.388242,43a1bcbf-ce48-42c2-b5b3-fb48d8685482
ba54b5e6-08c9-4634-b45e-0f50c214113a,localhost,2612,0.9713333249092102,0.09669400006532669,9,2023-05-21 19:56:48.630254,43a1bcbf-ce48-42c2-b5b3-fb48d8685482
cf7fac5c-4858-402b-aca1-4e41793aceff,localhost,4363,0.9693333506584167,0.09682495146989822,9,2023-05-21 19:56:48.637258,43a1bcbf-ce48-42c2-b5b3-fb48d8685482
479eba63-3dfd-41b9-a8b8-5b855f350861,localhost,8169,0.9639999866485596,0.11753084510564804,9,2023-05-21 19:56:48.659247,43a1bcbf-ce48-42c2-b5b3-fb48d8685482
c64df13f-0afd-4196-b203-ff6100fc5b63,localhost,1710,0.9643333554267883,0.11162151396274567,9,2023-05-21 19:56:48.728247,43a1bcbf-ce48-42c2-b5b3-fb48d8685482
f1694d38-8e8c-4f9b-a7cb-fe8b10de1bed,localhost,4098,0.968666672706604,0.11144378781318665,9,2023-05-21 19:56:49.099234,43a1bcbf-ce48-42c2-b5b3-fb48d8685482
c156d563-7f71-4821-b20c-04e20f9b9c66,localhost,3330,0.9660000205039978,0.11866361647844315,9,2023-05-21 19:56:49.191228,43a1bcbf-ce48-42c2-b5b3-fb48d8685482
c156d563-7f71-4821-b20c-04e20f9b9c66,localhost,3330,0.9723333120346069,0.09626909345388412,10,2023-05-21 19:56:51.968246,43a1bcbf-ce48-42c2-b5b3-fb48d8685482
479eba63-3dfd-41b9-a8b8-5b855f350861,localhost,8169,0.9736666679382324,0.09219390153884888,10,2023-05-21 19:56:52.065258,43a1bcbf-ce48-42c2-b5b3-fb48d8685482
cf7fac5c-4858-402b-aca1-4e41793aceff,localhost,4363,0.972000002861023,0.0947677344083786,10,2023-05-21 19:56:52.564258,43a1bcbf-ce48-42c2-b5b3-fb48d8685482
782ddff3-37d3-4a59-84c1-f731d872360a,localhost,5289,0.9693333506584167,0.10028387606143951,10,2023-05-21 19:56:52.605237,43a1bcbf-ce48-42c2-b5b3-fb48d8685482
7f38f793-1bec-4d52-894f-96c75df09334,localhost,9533,0.9646666646003723,0.12053462862968445,10,2023-05-21 19:56:53.089255,43a1bcbf-ce48-42c2-b5b3-fb48d8685482
f1694d38-8e8c-4f9b-a7cb-fe8b10de1bed,localhost,4098,0.9700000286102295,0.10455574840307236,10,2023-05-21 19:56:53.656232,43a1bcbf-ce48-42c2-b5b3-fb48d8685482
d6d05175-e927-4289-bc6a-95926e7fe307,localhost,7079,0.968999981880188,0.11483887583017349,10,2023-05-21 19:56:53.664230,43a1bcbf-ce48-42c2-b5b3-fb48d8685482
c64df13f-0afd-4196-b203-ff6100fc5b63,localhost,1710,0.9733333587646484,0.08925269544124603,11,2023-05-21 19:56:56.827239,43a1bcbf-ce48-42c2-b5b3-fb48d8685482
782ddff3-37d3-4a59-84c1-f731d872360a,localhost,5289,0.9661111235618591,0.11343812197446823,11,2023-05-21 19:56:56.934246,43a1bcbf-ce48-42c2-b5b3-fb48d8685482
f1694d38-8e8c-4f9b-a7cb-fe8b10de1bed,localhost,4098,0.9719444513320923,0.0932145044207573,11,2023-05-21 19:56:57.121239,43a1bcbf-ce48-42c2-b5b3-fb48d8685482
7f38f793-1bec-4d52-894f-96c75df09334,localhost,9533,0.9672222137451172,0.10111397504806519,11,2023-05-21 19:56:57.345247,43a1bcbf-ce48-42c2-b5b3-fb48d8685482
cf7fac5c-4858-402b-aca1-4e41793aceff,localhost,4363,0.9747222065925598,0.09464907646179199,11,2023-05-21 19:56:57.465234,43a1bcbf-ce48-42c2-b5b3-fb48d8685482
c64df13f-0afd-4196-b203-ff6100fc5b63,localhost,1710,0.972000002861023,0.0862945169210434,12,2023-05-21 19:57:00.926245,43a1bcbf-ce48-42c2-b5b3-fb48d8685482
479eba63-3dfd-41b9-a8b8-5b855f350861,localhost,8169,0.9729999899864197,0.09035003930330276,12,2023-05-21 19:57:01.297250,43a1bcbf-ce48-42c2-b5b3-fb48d8685482
7f38f793-1bec-4d52-894f-96c75df09334,localhost,9533,0.9746666550636292,0.08779850602149963,12,2023-05-21 19:57:01.341253,43a1bcbf-ce48-42c2-b5b3-fb48d8685482
c156d563-7f71-4821-b20c-04e20f9b9c66,localhost,3330,0.971666693687439,0.09132304787635803,12,2023-05-21 19:57:01.382241,43a1bcbf-ce48-42c2-b5b3-fb48d8685482
687ecc8d-99f3-4645-a01c-4c68cf0f05f0,localhost,8882,0.971666693687439,0.09420623630285263,12,2023-05-21 19:57:01.873251,43a1bcbf-ce48-42c2-b5b3-fb48d8685482
cf7fac5c-4858-402b-aca1-4e41793aceff,localhost,4363,0.9763333201408386,0.07837248593568802,12,2023-05-21 19:57:02.408247,43a1bcbf-ce48-42c2-b5b3-fb48d8685482
ba54b5e6-08c9-4634-b45e-0f50c214113a,localhost,2612,0.9793333411216736,0.080950528383255,12,2023-05-21 19:57:02.818237,43a1bcbf-ce48-42c2-b5b3-fb48d8685482
f1694d38-8e8c-4f9b-a7cb-fe8b10de1bed,localhost,4098,0.9756666421890259,0.07882799953222275,12,2023-05-21 19:57:02.900242,43a1bcbf-ce48-42c2-b5b3-fb48d8685482
d6d05175-e927-4289-bc6a-95926e7fe307,localhost,7079,0.9683333039283752,0.10449093580245972,12,2023-05-21 19:57:03.049230,43a1bcbf-ce48-42c2-b5b3-fb48d8685482
c64df13f-0afd-4196-b203-ff6100fc5b63,localhost,1710,0.9753333330154419,0.07782159745693207,13,2023-05-21 19:57:06.113241,43a1bcbf-ce48-42c2-b5b3-fb48d8685482
479eba63-3dfd-41b9-a8b8-5b855f350861,localhost,8169,0.9743333458900452,0.08254192769527435,13,2023-05-21 19:57:06.353271,43a1bcbf-ce48-42c2-b5b3-fb48d8685482
f1694d38-8e8c-4f9b-a7cb-fe8b10de1bed,localhost,4098,0.9786666631698608,0.07744210958480835,13,2023-05-21 19:57:06.566244,43a1bcbf-ce48-42c2-b5b3-fb48d8685482
687ecc8d-99f3-4645-a01c-4c68cf0f05f0,localhost,8882,0.9723333120346069,0.09809496998786926,13,2023-05-21 19:57:06.628245,43a1bcbf-ce48-42c2-b5b3-fb48d8685482
7f38f793-1bec-4d52-894f-96c75df09334,localhost,9533,0.9723333120346069,0.09055977314710617,13,2023-05-21 19:57:07.770245,43a1bcbf-ce48-42c2-b5b3-fb48d8685482
d6d05175-e927-4289-bc6a-95926e7fe307,localhost,7079,0.9763333201408386,0.0786430686712265,13,2023-05-21 19:57:08.189237,43a1bcbf-ce48-42c2-b5b3-fb48d8685482
782ddff3-37d3-4a59-84c1-f731d872360a,localhost,5289,0.9779999852180481,0.0790439024567604,13,2023-05-21 19:57:08.251243,43a1bcbf-ce48-42c2-b5b3-fb48d8685482
c156d563-7f71-4821-b20c-04e20f9b9c66,localhost,3330,0.9736666679382324,0.0880039855837822,13,2023-05-21 19:57:08.287237,43a1bcbf-ce48-42c2-b5b3-fb48d8685482
cf7fac5c-4858-402b-aca1-4e41793aceff,localhost,4363,0.9760000109672546,0.08506300300359726,13,2023-05-21 19:57:08.316228,43a1bcbf-ce48-42c2-b5b3-fb48d8685482
d6d05175-e927-4289-bc6a-95926e7fe307,localhost,7079,0.968666672706604,0.09638235718011856,14,2023-05-21 19:57:11.676242,43a1bcbf-ce48-42c2-b5b3-fb48d8685482
c156d563-7f71-4821-b20c-04e20f9b9c66,localhost,3330,0.9723333120346069,0.08399388939142227,14,2023-05-21 19:57:11.669261,43a1bcbf-ce48-42c2-b5b3-fb48d8685482
ba54b5e6-08c9-4634-b45e-0f50c214113a,localhost,2612,0.9789999723434448,0.07209265977144241,14,2023-05-21 19:57:11.725237,43a1bcbf-ce48-42c2-b5b3-fb48d8685482
cf7fac5c-4858-402b-aca1-4e41793aceff,localhost,4363,0.9756666421890259,0.09042750298976898,14,2023-05-21 19:57:12.313241,43a1bcbf-ce48-42c2-b5b3-fb48d8685482
f1694d38-8e8c-4f9b-a7cb-fe8b10de1bed,localhost,4098,0.9739999771118164,0.09470868855714798,14,2023-05-21 19:57:12.724249,43a1bcbf-ce48-42c2-b5b3-fb48d8685482
7f38f793-1bec-4d52-894f-96c75df09334,localhost,9533,0.9733333587646484,0.09834934771060944,14,2023-05-21 19:57:13.256244,43a1bcbf-ce48-42c2-b5b3-fb48d8685482
782ddff3-37d3-4a59-84c1-f731d872360a,localhost,5289,0.9753333330154419,0.07637616246938705,14,2023-05-21 19:57:13.330243,43a1bcbf-ce48-42c2-b5b3-fb48d8685482
c64df13f-0afd-4196-b203-ff6100fc5b63,localhost,1710,0.9729999899864197,0.08408784121274948,14,2023-05-21 19:57:13.443242,43a1bcbf-ce48-42c2-b5b3-fb48d8685482
7f38f793-1bec-4d52-894f-96c75df09334,localhost,9533,0.9760000109672546,0.0789332464337349,15,2023-05-21 19:57:16.752246,43a1bcbf-ce48-42c2-b5b3-fb48d8685482
782ddff3-37d3-4a59-84c1-f731d872360a,localhost,5289,0.9780555367469788,0.07245039194822311,15,2023-05-21 19:57:16.873239,43a1bcbf-ce48-42c2-b5b3-fb48d8685482
687ecc8d-99f3-4645-a01c-4c68cf0f05f0,localhost,8882,0.9827777743339539,0.06240126118063927,15,2023-05-21 19:57:17.078245,43a1bcbf-ce48-42c2-b5b3-fb48d8685482
d6d05175-e927-4289-bc6a-95926e7fe307,localhost,7079,0.9783333539962769,0.07908082753419876,15,2023-05-21 19:57:17.135233,43a1bcbf-ce48-42c2-b5b3-fb48d8685482
c156d563-7f71-4821-b20c-04e20f9b9c66,localhost,3330,0.9758333563804626,0.073428675532341,15,2023-05-21 19:57:17.188232,43a1bcbf-ce48-42c2-b5b3-fb48d8685482
7f38f793-1bec-4d52-894f-96c75df09334,localhost,9533,0.9826666712760925,0.057187967002391815,16,2023-05-21 19:57:21.172251,43a1bcbf-ce48-42c2-b5b3-fb48d8685482
c64df13f-0afd-4196-b203-ff6100fc5b63,localhost,1710,0.9803333282470703,0.06890132278203964,16,2023-05-21 19:57:21.172251,43a1bcbf-ce48-42c2-b5b3-fb48d8685482
479eba63-3dfd-41b9-a8b8-5b855f350861,localhost,8169,0.9800000190734863,0.06605419516563416,16,2023-05-21 19:57:21.202244,43a1bcbf-ce48-42c2-b5b3-fb48d8685482
687ecc8d-99f3-4645-a01c-4c68cf0f05f0,localhost,8882,0.9823333621025085,0.06081831827759743,16,2023-05-21 19:57:21.205252,43a1bcbf-ce48-42c2-b5b3-fb48d8685482
d6d05175-e927-4289-bc6a-95926e7fe307,localhost,7079,0.9773333072662354,0.06727761030197144,16,2023-05-21 19:57:21.690244,43a1bcbf-ce48-42c2-b5b3-fb48d8685482
f1694d38-8e8c-4f9b-a7cb-fe8b10de1bed,localhost,4098,0.9836666584014893,0.0571460984647274,16,2023-05-21 19:57:22.669245,43a1bcbf-ce48-42c2-b5b3-fb48d8685482
c156d563-7f71-4821-b20c-04e20f9b9c66,localhost,3330,0.9806666374206543,0.06398142129182816,16,2023-05-21 19:57:23.054258,43a1bcbf-ce48-42c2-b5b3-fb48d8685482
782ddff3-37d3-4a59-84c1-f731d872360a,localhost,5289,0.9756666421890259,0.08058710396289825,16,2023-05-21 19:57:23.247237,43a1bcbf-ce48-42c2-b5b3-fb48d8685482
cf7fac5c-4858-402b-aca1-4e41793aceff,localhost,4363,0.9783333539962769,0.06943510472774506,16,2023-05-21 19:57:23.298238,43a1bcbf-ce48-42c2-b5b3-fb48d8685482
ba54b5e6-08c9-4634-b45e-0f50c214113a,localhost,2612,0.9773333072662354,0.07997255772352219,16,2023-05-21 19:57:23.385237,43a1bcbf-ce48-42c2-b5b3-fb48d8685482
d6d05175-e927-4289-bc6a-95926e7fe307,localhost,7079,0.9766666889190674,0.07807482779026031,17,2023-05-21 19:57:26.704257,43a1bcbf-ce48-42c2-b5b3-fb48d8685482
782ddff3-37d3-4a59-84c1-f731d872360a,localhost,5289,0.981333315372467,0.06853707134723663,17,2023-05-21 19:57:26.919245,43a1bcbf-ce48-42c2-b5b3-fb48d8685482
687ecc8d-99f3-4645-a01c-4c68cf0f05f0,localhost,8882,0.9756666421890259,0.08127635717391968,17,2023-05-21 19:57:26.925271,43a1bcbf-ce48-42c2-b5b3-fb48d8685482
7f38f793-1bec-4d52-894f-96c75df09334,localhost,9533,0.9853333234786987,0.05608333274722099,17,2023-05-21 19:57:27.163263,43a1bcbf-ce48-42c2-b5b3-fb48d8685482
ba54b5e6-08c9-4634-b45e-0f50c214113a,localhost,2612,0.9823333621025085,0.06302749365568161,17,2023-05-21 19:57:27.540242,43a1bcbf-ce48-42c2-b5b3-fb48d8685482
f1694d38-8e8c-4f9b-a7cb-fe8b10de1bed,localhost,4098,0.9776666760444641,0.07317064702510834,17,2023-05-21 19:57:27.695235,43a1bcbf-ce48-42c2-b5b3-fb48d8685482
cf7fac5c-4858-402b-aca1-4e41793aceff,localhost,4363,0.9760000109672546,0.07339369505643845,17,2023-05-21 19:57:28.299243,43a1bcbf-ce48-42c2-b5b3-fb48d8685482
c156d563-7f71-4821-b20c-04e20f9b9c66,localhost,3330,0.9766666889190674,0.07873595505952835,17,2023-05-21 19:57:28.340232,43a1bcbf-ce48-42c2-b5b3-fb48d8685482
c156d563-7f71-4821-b20c-04e20f9b9c66,localhost,3330,0.9810000061988831,0.06643030047416687,18,2023-05-21 19:57:31.801242,43a1bcbf-ce48-42c2-b5b3-fb48d8685482
782ddff3-37d3-4a59-84c1-f731d872360a,localhost,5289,0.9746666550636292,0.08456750959157944,18,2023-05-21 19:57:31.838244,43a1bcbf-ce48-42c2-b5b3-fb48d8685482
ba54b5e6-08c9-4634-b45e-0f50c214113a,localhost,2612,0.984000027179718,0.06020275875926018,18,2023-05-21 19:57:32.087239,43a1bcbf-ce48-42c2-b5b3-fb48d8685482
f1694d38-8e8c-4f9b-a7cb-fe8b10de1bed,localhost,4098,0.981333315372467,0.061846159398555756,18,2023-05-21 19:57:32.127268,43a1bcbf-ce48-42c2-b5b3-fb48d8685482
c64df13f-0afd-4196-b203-ff6100fc5b63,localhost,1710,0.981333315372467,0.05842665210366249,18,2023-05-21 19:57:32.547241,43a1bcbf-ce48-42c2-b5b3-fb48d8685482
cf7fac5c-4858-402b-aca1-4e41793aceff,localhost,4363,0.9806666374206543,0.06301835179328918,18,2023-05-21 19:57:32.993249,43a1bcbf-ce48-42c2-b5b3-fb48d8685482
479eba63-3dfd-41b9-a8b8-5b855f350861,localhost,8169,0.9810000061988831,0.06159839406609535,18,2023-05-21 19:57:33.497249,43a1bcbf-ce48-42c2-b5b3-fb48d8685482
687ecc8d-99f3-4645-a01c-4c68cf0f05f0,localhost,8882,0.9823333621025085,0.058398474007844925,18,2023-05-21 19:57:33.726245,43a1bcbf-ce48-42c2-b5b3-fb48d8685482
d6d05175-e927-4289-bc6a-95926e7fe307,localhost,7079,0.9789999723434448,0.06553714722394943,18,2023-05-21 19:57:33.954237,43a1bcbf-ce48-42c2-b5b3-fb48d8685482
7f38f793-1bec-4d52-894f-96c75df09334,localhost,9533,0.984333336353302,0.051726434379816055,18,2023-05-21 19:57:34.109233,43a1bcbf-ce48-42c2-b5b3-fb48d8685482
ba54b5e6-08c9-4634-b45e-0f50c214113a,localhost,2612,0.9723333120346069,0.07508545368909836,19,2023-05-21 19:57:37.256246,43a1bcbf-ce48-42c2-b5b3-fb48d8685482
c64df13f-0afd-4196-b203-ff6100fc5b63,localhost,1710,0.9800000190734863,0.0657975897192955,19,2023-05-21 19:57:37.494241,43a1bcbf-ce48-42c2-b5b3-fb48d8685482
d6d05175-e927-4289-bc6a-95926e7fe307,localhost,7079,0.9819999933242798,0.056440241634845734,19,2023-05-21 19:57:37.583260,43a1bcbf-ce48-42c2-b5b3-fb48d8685482
687ecc8d-99f3-4645-a01c-4c68cf0f05f0,localhost,8882,0.984000027179718,0.052254289388656616,19,2023-05-21 19:57:38.112261,43a1bcbf-ce48-42c2-b5b3-fb48d8685482
479eba63-3dfd-41b9-a8b8-5b855f350861,localhost,8169,0.9836666584014893,0.058002203702926636,19,2023-05-21 19:57:38.261239,43a1bcbf-ce48-42c2-b5b3-fb48d8685482
cf7fac5c-4858-402b-aca1-4e41793aceff,localhost,4363,0.984666645526886,0.055325403809547424,19,2023-05-21 19:57:38.327236,43a1bcbf-ce48-42c2-b5b3-fb48d8685482
7f38f793-1bec-4d52-894f-96c75df09334,localhost,9533,0.9823333621025085,0.06021302938461304,19,2023-05-21 19:57:38.671232,43a1bcbf-ce48-42c2-b5b3-fb48d8685482
479eba63-3dfd-41b9-a8b8-5b855f350861,localhost,8169,0.9816666841506958,0.056571878492832184,20,2023-05-21 19:57:41.749242,43a1bcbf-ce48-42c2-b5b3-fb48d8685482
cf7fac5c-4858-402b-aca1-4e41793aceff,localhost,4363,0.9783333539962769,0.06752322614192963,20,2023-05-21 19:57:41.872240,43a1bcbf-ce48-42c2-b5b3-fb48d8685482
ba54b5e6-08c9-4634-b45e-0f50c214113a,localhost,2612,0.9833333492279053,0.057838525623083115,20,2023-05-21 19:57:42.125241,43a1bcbf-ce48-42c2-b5b3-fb48d8685482
f1694d38-8e8c-4f9b-a7cb-fe8b10de1bed,localhost,4098,0.9803333282470703,0.05230928957462311,20,2023-05-21 19:57:42.226250,43a1bcbf-ce48-42c2-b5b3-fb48d8685482
c64df13f-0afd-4196-b203-ff6100fc5b63,localhost,1710,0.9816666841506958,0.058378007262945175,20,2023-05-21 19:57:42.642254,43a1bcbf-ce48-42c2-b5b3-fb48d8685482
d6d05175-e927-4289-bc6a-95926e7fe307,localhost,7079,0.9779999852180481,0.06887602061033249,20,2023-05-21 19:57:43.361241,43a1bcbf-ce48-42c2-b5b3-fb48d8685482
7f38f793-1bec-4d52-894f-96c75df09334,localhost,9533,0.9819999933242798,0.07021127641201019,20,2023-05-21 19:57:43.560237,43a1bcbf-ce48-42c2-b5b3-fb48d8685482
c156d563-7f71-4821-b20c-04e20f9b9c66,localhost,3330,0.984000027179718,0.05494684725999832,20,2023-05-21 19:57:43.697231,43a1bcbf-ce48-42c2-b5b3-fb48d8685482
479eba63-3dfd-41b9-a8b8-5b855f350861,localhost,8169,0.9833333492279053,0.053078390657901764,21,2023-05-21 19:57:47.406272,43a1bcbf-ce48-42c2-b5b3-fb48d8685482
782ddff3-37d3-4a59-84c1-f731d872360a,localhost,5289,0.9796666502952576,0.06079006940126419,21,2023-05-21 19:57:47.497238,43a1bcbf-ce48-42c2-b5b3-fb48d8685482
c64df13f-0afd-4196-b203-ff6100fc5b63,localhost,1710,0.9793333411216736,0.06954355537891388,21,2023-05-21 19:57:47.496239,43a1bcbf-ce48-42c2-b5b3-fb48d8685482
ba54b5e6-08c9-4634-b45e-0f50c214113a,localhost,2612,0.9800000190734863,0.0647592693567276,21,2023-05-21 19:57:47.557241,43a1bcbf-ce48-42c2-b5b3-fb48d8685482
687ecc8d-99f3-4645-a01c-4c68cf0f05f0,localhost,8882,0.9810000061988831,0.055810052901506424,21,2023-05-21 19:57:47.750246,43a1bcbf-ce48-42c2-b5b3-fb48d8685482
c156d563-7f71-4821-b20c-04e20f9b9c66,localhost,3330,0.9836666584014893,0.04882475733757019,21,2023-05-21 19:57:48.305281,43a1bcbf-ce48-42c2-b5b3-fb48d8685482
d6d05175-e927-4289-bc6a-95926e7fe307,localhost,7079,0.9850000143051147,0.05480869486927986,21,2023-05-21 19:57:49.032241,43a1bcbf-ce48-42c2-b5b3-fb48d8685482
f1694d38-8e8c-4f9b-a7cb-fe8b10de1bed,localhost,4098,0.9819999933242798,0.06000645086169243,21,2023-05-21 19:57:49.478238,43a1bcbf-ce48-42c2-b5b3-fb48d8685482
cf7fac5c-4858-402b-aca1-4e41793aceff,localhost,4363,0.9829999804496765,0.061650533229112625,21,2023-05-21 19:57:49.491238,43a1bcbf-ce48-42c2-b5b3-fb48d8685482
7f38f793-1bec-4d52-894f-96c75df09334,localhost,9533,0.9810000061988831,0.06453777849674225,21,2023-05-21 19:57:49.681236,43a1bcbf-ce48-42c2-b5b3-fb48d8685482
687ecc8d-99f3-4645-a01c-4c68cf0f05f0,localhost,8882,0.9850000143051147,0.053454458713531494,22,2023-05-21 19:57:52.587249,43a1bcbf-ce48-42c2-b5b3-fb48d8685482
c64df13f-0afd-4196-b203-ff6100fc5b63,localhost,1710,0.9827777743339539,0.06517171114683151,22,2023-05-21 19:57:52.901243,43a1bcbf-ce48-42c2-b5b3-fb48d8685482
7f38f793-1bec-4d52-894f-96c75df09334,localhost,9533,0.9827777743339539,0.05224967375397682,22,2023-05-21 19:57:53.178236,43a1bcbf-ce48-42c2-b5b3-fb48d8685482
f1694d38-8e8c-4f9b-a7cb-fe8b10de1bed,localhost,4098,0.9866666793823242,0.05158572271466255,22,2023-05-21 19:57:53.364265,43a1bcbf-ce48-42c2-b5b3-fb48d8685482
d6d05175-e927-4289-bc6a-95926e7fe307,localhost,7079,0.9827777743339539,0.06364486366510391,22,2023-05-21 19:57:54.017228,43a1bcbf-ce48-42c2-b5b3-fb48d8685482
cf7fac5c-4858-402b-aca1-4e41793aceff,localhost,4363,0.9850000143051147,0.05472540855407715,23,2023-05-21 19:57:56.766244,43a1bcbf-ce48-42c2-b5b3-fb48d8685482
7f38f793-1bec-4d52-894f-96c75df09334,localhost,9533,0.9860000014305115,0.05270698666572571,23,2023-05-21 19:57:57.049243,43a1bcbf-ce48-42c2-b5b3-fb48d8685482
d6d05175-e927-4289-bc6a-95926e7fe307,localhost,7079,0.984000027179718,0.06018318235874176,23,2023-05-21 19:57:57.097267,43a1bcbf-ce48-42c2-b5b3-fb48d8685482
c156d563-7f71-4821-b20c-04e20f9b9c66,localhost,3330,0.984333336353302,0.05226781591773033,23,2023-05-21 19:57:57.238240,43a1bcbf-ce48-42c2-b5b3-fb48d8685482
ba54b5e6-08c9-4634-b45e-0f50c214113a,localhost,2612,0.9866666793823242,0.05086717754602432,23,2023-05-21 19:57:57.861235,43a1bcbf-ce48-42c2-b5b3-fb48d8685482
479eba63-3dfd-41b9-a8b8-5b855f350861,localhost,8169,0.984666645526886,0.04644814133644104,23,2023-05-21 19:57:58.281236,43a1bcbf-ce48-42c2-b5b3-fb48d8685482
f1694d38-8e8c-4f9b-a7cb-fe8b10de1bed,localhost,4098,0.9826666712760925,0.05225304141640663,23,2023-05-21 19:57:58.306228,43a1bcbf-ce48-42c2-b5b3-fb48d8685482
c156d563-7f71-4821-b20c-04e20f9b9c66,localhost,3330,0.9803333282470703,0.05266905203461647,24,2023-05-21 19:58:01.405264,43a1bcbf-ce48-42c2-b5b3-fb48d8685482
f1694d38-8e8c-4f9b-a7cb-fe8b10de1bed,localhost,4098,0.9869999885559082,0.05163675919175148,24,2023-05-21 19:58:01.640244,43a1bcbf-ce48-42c2-b5b3-fb48d8685482
479eba63-3dfd-41b9-a8b8-5b855f350861,localhost,8169,0.9829999804496765,0.05556458607316017,24,2023-05-21 19:58:01.658251,43a1bcbf-ce48-42c2-b5b3-fb48d8685482
cf7fac5c-4858-402b-aca1-4e41793aceff,localhost,4363,0.9860000014305115,0.05042383447289467,24,2023-05-21 19:58:01.927279,43a1bcbf-ce48-42c2-b5b3-fb48d8685482
7f38f793-1bec-4d52-894f-96c75df09334,localhost,9533,0.9860000014305115,0.050996970385313034,24,2023-05-21 19:58:02.103243,43a1bcbf-ce48-42c2-b5b3-fb48d8685482
c64df13f-0afd-4196-b203-ff6100fc5b63,localhost,1710,0.9863333106040955,0.046149320900440216,24,2023-05-21 19:58:02.359241,43a1bcbf-ce48-42c2-b5b3-fb48d8685482
ba54b5e6-08c9-4634-b45e-0f50c214113a,localhost,2612,0.9883333444595337,0.04549478739500046,24,2023-05-21 19:58:02.983236,43a1bcbf-ce48-42c2-b5b3-fb48d8685482
d6d05175-e927-4289-bc6a-95926e7fe307,localhost,7079,0.9853333234786987,0.04747910052537918,24,2023-05-21 19:58:03.038232,43a1bcbf-ce48-42c2-b5b3-fb48d8685482
479eba63-3dfd-41b9-a8b8-5b855f350861,localhost,8169,0.9903333187103271,0.0359860323369503,25,2023-05-21 19:58:06.176244,43a1bcbf-ce48-42c2-b5b3-fb48d8685482
ba54b5e6-08c9-4634-b45e-0f50c214113a,localhost,2612,0.9850000143051147,0.04810989275574684,25,2023-05-21 19:58:06.217251,43a1bcbf-ce48-42c2-b5b3-fb48d8685482
7f38f793-1bec-4d52-894f-96c75df09334,localhost,9533,0.9793333411216736,0.06443563848733902,25,2023-05-21 19:58:06.540243,43a1bcbf-ce48-42c2-b5b3-fb48d8685482
cf7fac5c-4858-402b-aca1-4e41793aceff,localhost,4363,0.9810000061988831,0.0574844665825367,25,2023-05-21 19:58:06.613245,43a1bcbf-ce48-42c2-b5b3-fb48d8685482
687ecc8d-99f3-4645-a01c-4c68cf0f05f0,localhost,8882,0.9776666760444641,0.06990117579698563,25,2023-05-21 19:58:07.262244,43a1bcbf-ce48-42c2-b5b3-fb48d8685482
f1694d38-8e8c-4f9b-a7cb-fe8b10de1bed,localhost,4098,0.9863333106040955,0.043278586119413376,25,2023-05-21 19:58:07.309242,43a1bcbf-ce48-42c2-b5b3-fb48d8685482
782ddff3-37d3-4a59-84c1-f731d872360a,localhost,5289,0.9903333187103271,0.03235107660293579,25,2023-05-21 19:58:07.405241,43a1bcbf-ce48-42c2-b5b3-fb48d8685482
d6d05175-e927-4289-bc6a-95926e7fe307,localhost,7079,0.984000027179718,0.055359527468681335,25,2023-05-21 19:58:07.836231,43a1bcbf-ce48-42c2-b5b3-fb48d8685482
687ecc8d-99f3-4645-a01c-4c68cf0f05f0,localhost,8882,0.9860000014305115,0.04578610137104988,26,2023-05-21 19:58:10.733248,43a1bcbf-ce48-42c2-b5b3-fb48d8685482
ba54b5e6-08c9-4634-b45e-0f50c214113a,localhost,2612,0.987333357334137,0.04213333874940872,26,2023-05-21 19:58:10.765241,43a1bcbf-ce48-42c2-b5b3-fb48d8685482
cf7fac5c-4858-402b-aca1-4e41793aceff,localhost,4363,0.9860000014305115,0.0478142686188221,26,2023-05-21 19:58:10.796247,43a1bcbf-ce48-42c2-b5b3-fb48d8685482
782ddff3-37d3-4a59-84c1-f731d872360a,localhost,5289,0.9825000166893005,0.05338120833039284,26,2023-05-21 19:58:11.100235,43a1bcbf-ce48-42c2-b5b3-fb48d8685482
c64df13f-0afd-4196-b203-ff6100fc5b63,localhost,1710,0.9852777719497681,0.05413936451077461,26,2023-05-21 19:58:11.341235,43a1bcbf-ce48-42c2-b5b3-fb48d8685482
687ecc8d-99f3-4645-a01c-4c68cf0f05f0,localhost,8882,0.9853333234786987,0.050967782735824585,27,2023-05-21 19:58:14.287253,43a1bcbf-ce48-42c2-b5b3-fb48d8685482
7f38f793-1bec-4d52-894f-96c75df09334,localhost,9533,0.9861111044883728,0.048544853925704956,27,2023-05-21 19:58:14.830247,43a1bcbf-ce48-42c2-b5b3-fb48d8685482
782ddff3-37d3-4a59-84c1-f731d872360a,localhost,5289,0.987500011920929,0.040299512445926666,27,2023-05-21 19:58:14.935244,43a1bcbf-ce48-42c2-b5b3-fb48d8685482
d6d05175-e927-4289-bc6a-95926e7fe307,localhost,7079,0.9858333468437195,0.04695136472582817,27,2023-05-21 19:58:15.064240,43a1bcbf-ce48-42c2-b5b3-fb48d8685482
c156d563-7f71-4821-b20c-04e20f9b9c66,localhost,3330,0.9823333621025085,0.05636878311634064,27,2023-05-21 19:58:15.092238,43a1bcbf-ce48-42c2-b5b3-fb48d8685482
cf7fac5c-4858-402b-aca1-4e41793aceff,localhost,4363,0.9903333187103271,0.040213122963905334,27,2023-05-21 19:58:15.489233,43a1bcbf-ce48-42c2-b5b3-fb48d8685482
f1694d38-8e8c-4f9b-a7cb-fe8b10de1bed,localhost,4098,0.9869999885559082,0.037575144320726395,28,2023-05-21 19:58:18.610277,43a1bcbf-ce48-42c2-b5b3-fb48d8685482
479eba63-3dfd-41b9-a8b8-5b855f350861,localhost,8169,0.9850000143051147,0.0469043031334877,28,2023-05-21 19:58:18.686253,43a1bcbf-ce48-42c2-b5b3-fb48d8685482
7f38f793-1bec-4d52-894f-96c75df09334,localhost,9533,0.987333357334137,0.04247010126709938,28,2023-05-21 19:58:18.927243,43a1bcbf-ce48-42c2-b5b3-fb48d8685482
ba54b5e6-08c9-4634-b45e-0f50c214113a,localhost,2612,0.9900000095367432,0.03854931890964508,28,2023-05-21 19:58:19.115246,43a1bcbf-ce48-42c2-b5b3-fb48d8685482
d6d05175-e927-4289-bc6a-95926e7fe307,localhost,7079,0.9856666922569275,0.046622246503829956,28,2023-05-21 19:58:19.307256,43a1bcbf-ce48-42c2-b5b3-fb48d8685482
687ecc8d-99f3-4645-a01c-4c68cf0f05f0,localhost,8882,0.9883333444595337,0.04204478859901428,28,2023-05-21 19:58:20.462259,43a1bcbf-ce48-42c2-b5b3-fb48d8685482
c64df13f-0afd-4196-b203-ff6100fc5b63,localhost,1710,0.9866666793823242,0.043854132294654846,28,2023-05-21 19:58:20.736263,43a1bcbf-ce48-42c2-b5b3-fb48d8685482
c156d563-7f71-4821-b20c-04e20f9b9c66,localhost,3330,0.9886666536331177,0.04455834627151489,28,2023-05-21 19:58:20.787239,43a1bcbf-ce48-42c2-b5b3-fb48d8685482
cf7fac5c-4858-402b-aca1-4e41793aceff,localhost,4363,0.987666666507721,0.04256755858659744,28,2023-05-21 19:58:20.998233,43a1bcbf-ce48-42c2-b5b3-fb48d8685482
782ddff3-37d3-4a59-84c1-f731d872360a,localhost,5289,0.9856666922569275,0.04411950334906578,28,2023-05-21 19:58:21.014227,43a1bcbf-ce48-42c2-b5b3-fb48d8685482
7f38f793-1bec-4d52-894f-96c75df09334,localhost,9533,0.9903333187103271,0.03148917481303215,29,2023-05-21 19:58:24.036239,43a1bcbf-ce48-42c2-b5b3-fb48d8685482
ba54b5e6-08c9-4634-b45e-0f50c214113a,localhost,2612,0.9869999885559082,0.04786942899227142,29,2023-05-21 19:58:24.119242,43a1bcbf-ce48-42c2-b5b3-fb48d8685482
c156d563-7f71-4821-b20c-04e20f9b9c66,localhost,3330,0.9850000143051147,0.049931224435567856,29,2023-05-21 19:58:24.150241,43a1bcbf-ce48-42c2-b5b3-fb48d8685482
d6d05175-e927-4289-bc6a-95926e7fe307,localhost,7079,0.987333357334137,0.045227862894535065,29,2023-05-21 19:58:24.685245,43a1bcbf-ce48-42c2-b5b3-fb48d8685482
687ecc8d-99f3-4645-a01c-4c68cf0f05f0,localhost,8882,0.9893333315849304,0.03793296217918396,29,2023-05-21 19:58:24.944235,43a1bcbf-ce48-42c2-b5b3-fb48d8685482
479eba63-3dfd-41b9-a8b8-5b855f350861,localhost,8169,0.9866666793823242,0.04570732265710831,29,2023-05-21 19:58:25.694253,43a1bcbf-ce48-42c2-b5b3-fb48d8685482
782ddff3-37d3-4a59-84c1-f731d872360a,localhost,5289,0.9879999756813049,0.04639733210206032,29,2023-05-21 19:58:25.988239,43a1bcbf-ce48-42c2-b5b3-fb48d8685482
f1694d38-8e8c-4f9b-a7cb-fe8b10de1bed,localhost,4098,0.9893333315849304,0.036281902343034744,29,2023-05-21 19:58:26.091246,43a1bcbf-ce48-42c2-b5b3-fb48d8685482
c64df13f-0afd-4196-b203-ff6100fc5b63,localhost,1710,0.9863333106040955,0.04299367219209671,29,2023-05-21 19:58:26.113239,43a1bcbf-ce48-42c2-b5b3-fb48d8685482
d6d05175-e927-4289-bc6a-95926e7fe307,localhost,7079,0.9833333492279053,0.05252722650766373,30,2023-05-21 19:58:29.887247,43a1bcbf-ce48-42c2-b5b3-fb48d8685482
479eba63-3dfd-41b9-a8b8-5b855f350861,localhost,8169,0.9879999756813049,0.04578619450330734,30,2023-05-21 19:58:29.915255,43a1bcbf-ce48-42c2-b5b3-fb48d8685482
7f38f793-1bec-4d52-894f-96c75df09334,localhost,9533,0.9856666922569275,0.048419225960969925,30,2023-05-21 19:58:29.970277,43a1bcbf-ce48-42c2-b5b3-fb48d8685482
687ecc8d-99f3-4645-a01c-4c68cf0f05f0,localhost,8882,0.9829999804496765,0.04967359080910683,30,2023-05-21 19:58:30.010267,43a1bcbf-ce48-42c2-b5b3-fb48d8685482
c156d563-7f71-4821-b20c-04e20f9b9c66,localhost,3330,0.9856666922569275,0.04620364308357239,30,2023-05-21 19:58:30.020268,43a1bcbf-ce48-42c2-b5b3-fb48d8685482
ba54b5e6-08c9-4634-b45e-0f50c214113a,localhost,2612,0.9893333315849304,0.03937121480703354,30,2023-05-21 19:58:30.520246,43a1bcbf-ce48-42c2-b5b3-fb48d8685482
782ddff3-37d3-4a59-84c1-f731d872360a,localhost,5289,0.9883333444595337,0.03506140038371086,30,2023-05-21 19:58:30.891249,43a1bcbf-ce48-42c2-b5b3-fb48d8685482
cf7fac5c-4858-402b-aca1-4e41793aceff,localhost,4363,0.9903333187103271,0.03500678390264511,30,2023-05-21 19:58:31.363243,43a1bcbf-ce48-42c2-b5b3-fb48d8685482
f1694d38-8e8c-4f9b-a7cb-fe8b10de1bed,localhost,4098,0.9906666874885559,0.03632787987589836,30,2023-05-21 19:58:31.537235,43a1bcbf-ce48-42c2-b5b3-fb48d8685482
c64df13f-0afd-4196-b203-ff6100fc5b63,localhost,1710,0.9853333234786987,0.04998693987727165,30,2023-05-21 19:58:31.784233,43a1bcbf-ce48-42c2-b5b3-fb48d8685482
c156d563-7f71-4821-b20c-04e20f9b9c66,localhost,3330,0.9883333444595337,0.04519576579332352,31,2023-05-21 19:58:35.085266,43a1bcbf-ce48-42c2-b5b3-fb48d8685482
c64df13f-0afd-4196-b203-ff6100fc5b63,localhost,1710,0.9919999837875366,0.03266166150569916,31,2023-05-21 19:58:35.260268,43a1bcbf-ce48-42c2-b5b3-fb48d8685482
ba54b5e6-08c9-4634-b45e-0f50c214113a,localhost,2612,0.9890000224113464,0.033563945442438126,31,2023-05-21 19:58:35.562242,43a1bcbf-ce48-42c2-b5b3-fb48d8685482
f1694d38-8e8c-4f9b-a7cb-fe8b10de1bed,localhost,4098,0.9903333187103271,0.03893905133008957,31,2023-05-21 19:58:35.572257,43a1bcbf-ce48-42c2-b5b3-fb48d8685482
782ddff3-37d3-4a59-84c1-f731d872360a,localhost,5289,0.9856666922569275,0.04441053792834282,31,2023-05-21 19:58:36.433243,43a1bcbf-ce48-42c2-b5b3-fb48d8685482
479eba63-3dfd-41b9-a8b8-5b855f350861,localhost,8169,0.9850000143051147,0.04455112665891647,31,2023-05-21 19:58:36.746245,43a1bcbf-ce48-42c2-b5b3-fb48d8685482
687ecc8d-99f3-4645-a01c-4c68cf0f05f0,localhost,8882,0.9890000224113464,0.04579693078994751,31,2023-05-21 19:58:36.826259,43a1bcbf-ce48-42c2-b5b3-fb48d8685482
cf7fac5c-4858-402b-aca1-4e41793aceff,localhost,4363,0.9896666407585144,0.037965837866067886,31,2023-05-21 19:58:36.870237,43a1bcbf-ce48-42c2-b5b3-fb48d8685482
7f38f793-1bec-4d52-894f-96c75df09334,localhost,9533,0.9869999885559082,0.03942866250872612,31,2023-05-21 19:58:36.878240,43a1bcbf-ce48-42c2-b5b3-fb48d8685482
d6d05175-e927-4289-bc6a-95926e7fe307,localhost,7079,0.9883333444595337,0.038623563945293427,31,2023-05-21 19:58:37.505233,43a1bcbf-ce48-42c2-b5b3-fb48d8685482
782ddff3-37d3-4a59-84c1-f731d872360a,localhost,5289,0.9879999756813049,0.03960145264863968,32,2023-05-21 19:58:40.308255,43a1bcbf-ce48-42c2-b5b3-fb48d8685482
cf7fac5c-4858-402b-aca1-4e41793aceff,localhost,4363,0.9863333106040955,0.04512614384293556,32,2023-05-21 19:58:40.323241,43a1bcbf-ce48-42c2-b5b3-fb48d8685482
d6d05175-e927-4289-bc6a-95926e7fe307,localhost,7079,0.9850000143051147,0.05160572752356529,32,2023-05-21 19:58:40.658248,43a1bcbf-ce48-42c2-b5b3-fb48d8685482
c156d563-7f71-4821-b20c-04e20f9b9c66,localhost,3330,0.9890000224113464,0.03609582781791687,32,2023-05-21 19:58:41.178264,43a1bcbf-ce48-42c2-b5b3-fb48d8685482
f1694d38-8e8c-4f9b-a7cb-fe8b10de1bed,localhost,4098,0.9926666617393494,0.03233443945646286,32,2023-05-21 19:58:41.934249,43a1bcbf-ce48-42c2-b5b3-fb48d8685482
ba54b5e6-08c9-4634-b45e-0f50c214113a,localhost,2612,0.9929999709129333,0.030791116878390312,32,2023-05-21 19:58:42.526244,43a1bcbf-ce48-42c2-b5b3-fb48d8685482
c64df13f-0afd-4196-b203-ff6100fc5b63,localhost,1710,0.9913333058357239,0.029333803802728653,32,2023-05-21 19:58:42.809238,43a1bcbf-ce48-42c2-b5b3-fb48d8685482
7f38f793-1bec-4d52-894f-96c75df09334,localhost,9533,0.9903333187103271,0.03584757074713707,32,2023-05-21 19:58:42.887239,43a1bcbf-ce48-42c2-b5b3-fb48d8685482
687ecc8d-99f3-4645-a01c-4c68cf0f05f0,localhost,8882,0.987666666507721,0.0370379313826561,32,2023-05-21 19:58:42.959246,43a1bcbf-ce48-42c2-b5b3-fb48d8685482
479eba63-3dfd-41b9-a8b8-5b855f350861,localhost,8169,0.9866666793823242,0.04221047833561897,32,2023-05-21 19:58:43.063232,43a1bcbf-ce48-42c2-b5b3-fb48d8685482
687ecc8d-99f3-4645-a01c-4c68cf0f05f0,localhost,8882,0.9909999966621399,0.03266322612762451,33,2023-05-21 19:58:46.392247,43a1bcbf-ce48-42c2-b5b3-fb48d8685482
d6d05175-e927-4289-bc6a-95926e7fe307,localhost,7079,0.9869999885559082,0.04614090546965599,33,2023-05-21 19:58:46.523253,43a1bcbf-ce48-42c2-b5b3-fb48d8685482
c156d563-7f71-4821-b20c-04e20f9b9c66,localhost,3330,0.9903333187103271,0.03464006632566452,33,2023-05-21 19:58:46.826243,43a1bcbf-ce48-42c2-b5b3-fb48d8685482
c64df13f-0afd-4196-b203-ff6100fc5b63,localhost,1710,0.9909999966621399,0.03135483339428902,33,2023-05-21 19:58:46.863243,43a1bcbf-ce48-42c2-b5b3-fb48d8685482
f1694d38-8e8c-4f9b-a7cb-fe8b10de1bed,localhost,4098,0.9890000224113464,0.038638852536678314,33,2023-05-21 19:58:46.879267,43a1bcbf-ce48-42c2-b5b3-fb48d8685482
479eba63-3dfd-41b9-a8b8-5b855f350861,localhost,8169,0.9879999756813049,0.0429086908698082,33,2023-05-21 19:58:46.963243,43a1bcbf-ce48-42c2-b5b3-fb48d8685482
782ddff3-37d3-4a59-84c1-f731d872360a,localhost,5289,0.9913333058357239,0.034580428153276443,33,2023-05-21 19:58:47.264231,43a1bcbf-ce48-42c2-b5b3-fb48d8685482
479eba63-3dfd-41b9-a8b8-5b855f350861,localhost,8169,0.9913333058357239,0.030779391527175903,34,2023-05-21 19:58:50.352242,43a1bcbf-ce48-42c2-b5b3-fb48d8685482
7f38f793-1bec-4d52-894f-96c75df09334,localhost,9533,0.9916666746139526,0.03331906720995903,34,2023-05-21 19:58:50.404252,43a1bcbf-ce48-42c2-b5b3-fb48d8685482
782ddff3-37d3-4a59-84c1-f731d872360a,localhost,5289,0.9869999885559082,0.04430307447910309,34,2023-05-21 19:58:50.445262,43a1bcbf-ce48-42c2-b5b3-fb48d8685482
687ecc8d-99f3-4645-a01c-4c68cf0f05f0,localhost,8882,0.9890000224113464,0.03792276978492737,34,2023-05-21 19:58:50.690239,43a1bcbf-ce48-42c2-b5b3-fb48d8685482
cf7fac5c-4858-402b-aca1-4e41793aceff,localhost,4363,0.987333357334137,0.03774894401431084,34,2023-05-21 19:58:50.778236,43a1bcbf-ce48-42c2-b5b3-fb48d8685482
f1694d38-8e8c-4f9b-a7cb-fe8b10de1bed,localhost,4098,0.9886666536331177,0.03586864098906517,34,2023-05-21 19:58:51.302233,43a1bcbf-ce48-42c2-b5b3-fb48d8685482
c156d563-7f71-4821-b20c-04e20f9b9c66,localhost,3330,0.9883333444595337,0.04204829782247543,34,2023-05-21 19:58:51.500233,43a1bcbf-ce48-42c2-b5b3-fb48d8685482
687ecc8d-99f3-4645-a01c-4c68cf0f05f0,localhost,8882,0.9909999966621399,0.03285259008407593,35,2023-05-21 19:58:54.431249,43a1bcbf-ce48-42c2-b5b3-fb48d8685482
cf7fac5c-4858-402b-aca1-4e41793aceff,localhost,4363,0.9916666746139526,0.03437154367566109,35,2023-05-21 19:58:54.563260,43a1bcbf-ce48-42c2-b5b3-fb48d8685482
c156d563-7f71-4821-b20c-04e20f9b9c66,localhost,3330,0.9863333106040955,0.05074172094464302,35,2023-05-21 19:58:54.661243,43a1bcbf-ce48-42c2-b5b3-fb48d8685482
c64df13f-0afd-4196-b203-ff6100fc5b63,localhost,1710,0.9896666407585144,0.036672286689281464,35,2023-05-21 19:58:55.475243,43a1bcbf-ce48-42c2-b5b3-fb48d8685482
ba54b5e6-08c9-4634-b45e-0f50c214113a,localhost,2612,0.9909999966621399,0.026253387331962585,35,2023-05-21 19:58:56.044247,43a1bcbf-ce48-42c2-b5b3-fb48d8685482
f1694d38-8e8c-4f9b-a7cb-fe8b10de1bed,localhost,4098,0.9869999885559082,0.03954337537288666,35,2023-05-21 19:58:56.329239,43a1bcbf-ce48-42c2-b5b3-fb48d8685482
d6d05175-e927-4289-bc6a-95926e7fe307,localhost,7079,0.9900000095367432,0.03534816578030586,35,2023-05-21 19:58:56.548243,43a1bcbf-ce48-42c2-b5b3-fb48d8685482
782ddff3-37d3-4a59-84c1-f731d872360a,localhost,5289,0.9850000143051147,0.039954736828804016,35,2023-05-21 19:58:56.842240,43a1bcbf-ce48-42c2-b5b3-fb48d8685482
479eba63-3dfd-41b9-a8b8-5b855f350861,localhost,8169,0.9903333187103271,0.039472538977861404,35,2023-05-21 19:58:56.869248,43a1bcbf-ce48-42c2-b5b3-fb48d8685482
7f38f793-1bec-4d52-894f-96c75df09334,localhost,9533,0.9913333058357239,0.03297557309269905,35,2023-05-21 19:58:57.105228,43a1bcbf-ce48-42c2-b5b3-fb48d8685482
7f38f793-1bec-4d52-894f-96c75df09334,localhost,9533,0.987666666507721,0.03565572574734688,36,2023-05-21 19:59:00.187258,43a1bcbf-ce48-42c2-b5b3-fb48d8685482
c156d563-7f71-4821-b20c-04e20f9b9c66,localhost,3330,0.9890000224113464,0.03484112396836281,36,2023-05-21 19:59:00.259246,43a1bcbf-ce48-42c2-b5b3-fb48d8685482
f1694d38-8e8c-4f9b-a7cb-fe8b10de1bed,localhost,4098,0.9913333058357239,0.03482169285416603,36,2023-05-21 19:59:00.422262,43a1bcbf-ce48-42c2-b5b3-fb48d8685482
c64df13f-0afd-4196-b203-ff6100fc5b63,localhost,1710,0.9860000014305115,0.04294802248477936,36,2023-05-21 19:59:00.775245,43a1bcbf-ce48-42c2-b5b3-fb48d8685482
d6d05175-e927-4289-bc6a-95926e7fe307,localhost,7079,0.987333357334137,0.043921347707509995,36,2023-05-21 19:59:00.991246,43a1bcbf-ce48-42c2-b5b3-fb48d8685482
ba54b5e6-08c9-4634-b45e-0f50c214113a,localhost,2612,0.987666666507721,0.035829924046993256,36,2023-05-21 19:59:02.206252,43a1bcbf-ce48-42c2-b5b3-fb48d8685482
cf7fac5c-4858-402b-aca1-4e41793aceff,localhost,4363,0.9916666746139526,0.03462175279855728,36,2023-05-21 19:59:02.387255,43a1bcbf-ce48-42c2-b5b3-fb48d8685482
687ecc8d-99f3-4645-a01c-4c68cf0f05f0,localhost,8882,0.987333357334137,0.03922427445650101,36,2023-05-21 19:59:02.459287,43a1bcbf-ce48-42c2-b5b3-fb48d8685482
782ddff3-37d3-4a59-84c1-f731d872360a,localhost,5289,0.9909999966621399,0.03470294550061226,36,2023-05-21 19:59:02.546230,43a1bcbf-ce48-42c2-b5b3-fb48d8685482
479eba63-3dfd-41b9-a8b8-5b855f350861,localhost,8169,0.9879999756813049,0.04008686542510986,36,2023-05-21 19:59:02.753228,43a1bcbf-ce48-42c2-b5b3-fb48d8685482
479eba63-3dfd-41b9-a8b8-5b855f350861,localhost,8169,0.9883333444595337,0.038087159395217896,37,2023-05-21 19:59:05.950266,43a1bcbf-ce48-42c2-b5b3-fb48d8685482
c156d563-7f71-4821-b20c-04e20f9b9c66,localhost,3330,0.9896666407585144,0.03582798317074776,37,2023-05-21 19:59:05.990250,43a1bcbf-ce48-42c2-b5b3-fb48d8685482
d6d05175-e927-4289-bc6a-95926e7fe307,localhost,7079,0.9886666536331177,0.037058230489492416,37,2023-05-21 19:59:05.960262,43a1bcbf-ce48-42c2-b5b3-fb48d8685482
cf7fac5c-4858-402b-aca1-4e41793aceff,localhost,4363,0.9896666407585144,0.03175147622823715,37,2023-05-21 19:59:06.015251,43a1bcbf-ce48-42c2-b5b3-fb48d8685482
ba54b5e6-08c9-4634-b45e-0f50c214113a,localhost,2612,0.9913333058357239,0.03232294321060181,37,2023-05-21 19:59:06.922244,43a1bcbf-ce48-42c2-b5b3-fb48d8685482
c64df13f-0afd-4196-b203-ff6100fc5b63,localhost,1710,0.984666645526886,0.04221437871456146,37,2023-05-21 19:59:07.009250,43a1bcbf-ce48-42c2-b5b3-fb48d8685482
f1694d38-8e8c-4f9b-a7cb-fe8b10de1bed,localhost,4098,0.9923333525657654,0.03241473436355591,37,2023-05-21 19:59:07.338243,43a1bcbf-ce48-42c2-b5b3-fb48d8685482
687ecc8d-99f3-4645-a01c-4c68cf0f05f0,localhost,8882,0.9900000095367432,0.030560452491044998,37,2023-05-21 19:59:07.340232,43a1bcbf-ce48-42c2-b5b3-fb48d8685482
c156d563-7f71-4821-b20c-04e20f9b9c66,localhost,3330,0.9906666874885559,0.03485334664583206,38,2023-05-21 19:59:10.182249,43a1bcbf-ce48-42c2-b5b3-fb48d8685482
c64df13f-0afd-4196-b203-ff6100fc5b63,localhost,1710,0.9891666769981384,0.04010551795363426,38,2023-05-21 19:59:10.718261,43a1bcbf-ce48-42c2-b5b3-fb48d8685482
687ecc8d-99f3-4645-a01c-4c68cf0f05f0,localhost,8882,0.9888888597488403,0.03862755745649338,38,2023-05-21 19:59:10.848250,43a1bcbf-ce48-42c2-b5b3-fb48d8685482
d6d05175-e927-4289-bc6a-95926e7fe307,localhost,7079,0.987500011920929,0.036599889397621155,38,2023-05-21 19:59:10.930250,43a1bcbf-ce48-42c2-b5b3-fb48d8685482
ba54b5e6-08c9-4634-b45e-0f50c214113a,localhost,2612,0.992222249507904,0.03119780495762825,38,2023-05-21 19:59:11.158268,43a1bcbf-ce48-42c2-b5b3-fb48d8685482
479eba63-3dfd-41b9-a8b8-5b855f350861,localhost,8169,0.988611102104187,0.036540690809488297,38,2023-05-21 19:59:11.669233,43a1bcbf-ce48-42c2-b5b3-fb48d8685482
f1694d38-8e8c-4f9b-a7cb-fe8b10de1bed,localhost,4098,0.9916666746139526,0.028071241453289986,39,2023-05-21 19:59:14.536251,43a1bcbf-ce48-42c2-b5b3-fb48d8685482
ba54b5e6-08c9-4634-b45e-0f50c214113a,localhost,2612,0.991944432258606,0.02558952383697033,39,2023-05-21 19:59:14.878246,43a1bcbf-ce48-42c2-b5b3-fb48d8685482
687ecc8d-99f3-4645-a01c-4c68cf0f05f0,localhost,8882,0.9883333444595337,0.03785237297415733,39,2023-05-21 19:59:15.033254,43a1bcbf-ce48-42c2-b5b3-fb48d8685482
cf7fac5c-4858-402b-aca1-4e41793aceff,localhost,4363,0.9894444346427917,0.03189755603671074,39,2023-05-21 19:59:15.082242,43a1bcbf-ce48-42c2-b5b3-fb48d8685482
479eba63-3dfd-41b9-a8b8-5b855f350861,localhost,8169,0.9902777671813965,0.030610844492912292,39,2023-05-21 19:59:15.283231,43a1bcbf-ce48-42c2-b5b3-fb48d8685482
